icao_address,mictronics_reg,adsbx_reg
3B77CE,114,64-IJ
C024D8,C-FNYT,C-NYT
C03AF7,C-FWIO,C-WIO
C03D79,C-FXHG,C-XHG
C01A44,C-FJYP,C-JYP
3B7F9F,F-ZWCE,F-UGSM
424C74,VQ-BIN,M-RBHF
A359A1,N355ZB,N315CL
A2919C,N2265AM,N265AM
A6A24C,5H-BAD,N5265N
A5938C,YV2945,N459AA
A02073,N127TW,N107TW
A8E76A,N763FR,N673FR
440417,OE-FNM,OE-LYX
A2E913,PR-NMD,N287MD
3422D6,HU.26-05,HU26-05
343083,T.10-03,T10-03
347416,HE.26-32A,HE26-32A
3532C5,TK.23-07,TK23-07
355315,TR.20-02,TR20-02
3571CD,E.27-13,E27-13
4D2090,9H-WME,9H-WII
4D214B,9H-TRI,9H-LGM
881BC6,B.F21-8/63,BF21-8/63
3571CE,E.27-14,E27-14
34308B,TK.10-11,TK10-11
3435CD,HU.26-16,HU26-16
34738D,HE.26-41A,HE26-41A
3474D4,HE.26-35A,HE26-35A
3571C9,E.27-09,E27-09
3571D1,E.27-17,E27-17
3571D2,E.27-18,E27-18
A45A73,N35RL,N38RL
3571C1,E.27-01,E27-01
3571C3,E.27-03,E27-03
3571D0,E.27-16,E27-16
359181,HE.26-04,HE26-04
359402,HE.26-21,HE26-21
4D0225,LX-ARY,LX-GVI
4D20B1,9H-WMG,9H-MAW
4D2141,9H-WZA,9H-TAS
11082A,RALF S.,RALF S
343113,HU.26-13,HU26-13
343253,HU.30-03,HU30-03
3543C3,HD.21-18,HD21-18
3571CB,E.27-11,E27-11
359194,HU.26-07,HU26-07
881B72,B.L18-3/61,BL18-3/61
AA542D,N765AT,PR-IOD
0084A2,ZS-TRO,ZS-BSZ
341589,T.21-04,T21-04
342199,T.21-09,T21-09
353541,D.4-07,D4-07
4D21DE,9H-CBH,9H-JLK
3474D5,HU.26-36A,HU26-36A
3474D8,HE.26-38A,HE26-38A
34760E,EC-ODX,EC-ODY
35350D,P.3M-12,P3M-12
440356,OE-IXW,OE-FBT
4D2521,9H-818TG,9H-168OO
750571,9M-LDP,9M-LFF
3425D6,U.21-01,U21-01
3532C6,TK.23-02,TK23-02
356343,TK.24-03,TK24-03
406F85,G-NWFX,G-CIUU
343087,TK.10-07,TK10-07
34738B,HU.26-40A,HU26-40A
34738C,HU.26-29A,HU26-29A
359405,HE.26-25,HE26-25
341517,T.21-01,T21-01
344186,HU.26-17,HU26-17
34738E,HE.26-42A,HE26-42A
3532C9,T.23-10,T23-10
35464B,TX.21-14,TX21-14
440098,OE-FBL,OE-IGF
881BC8,B.F21-2/63,BF21-2/63
AE51D3,10-20332,11-20332
00811F,ZS-TEY,ZS-AKK
440304,OE-LYB,OE-FEF
34158B,T.21-06,T21-06
342695,D.4-04,D4-04
3571CA,E.27-10,E27-10
4D216E,9H-EUC,9H-UTA
AE51A2,11-20340,10-20340
AE5FA5,11-46058,21-46058
354641,UD.14-03,UD14-03
3571CF,E.27-15,E27-15
40819C,G-CSLG,G-PDDY
4D208E,9H-WMC,9H-GYB
4D20AF,9H-11MKZ,9H-TOR
4D2101,9H-WMT,9H-OLA
500462,T7-RES,T7-178HT
31FEF6,I-EASR,RA-01688
3532CB,TK.23-03,TK23-03
3532CC,T.23-12,T23-12
35350C,P.3M-9,P3M-9
3571C5,E.27-05,E27-05
3591C6,HU.26-10,HU26-10
3593CC,HE.26-23,HE26-23
4D2116,9H-LRSR,9H-SKY
4D2152,9H-PFX,9H-LAS
AE51A3,11-20341,10-20341
33FC90,CSX55287,CSX62349
3474D2,HE.26-33A,HE26-33A
3532C7,T.23-08,T23-08
3532CE,TK.23-14,TK23-14
356595,C.16-20,C16-20
3571D4,E.27-20,E27-20
3593CB,HE.26-22,HE26-22
406C98,G-DAFC,G-TIMI
4403F4,OE-IET,OE-IAU
4D0237,LX-UTP,LX-ZAK
4D20BC,9H-WMH,9H-LAW
881BB8,B.F21-3/63,BF21-3/63
881BB9,B.F21-4/63,BF21-4/63
881BC7,B.F21-1/63,BF21-1/63
342599,HU.26-06,HU26-06
343085,TK.10-05,TK10-05
3571CC,E.27-12,E27-12
3591D0,HU.26-11,HU26-11
44009A,OE-LIA,OE-IEA
4D214F,9H-J4K,9H-ALJ
A0324B,7Q-YES,N1110J
ADFFC6,65-10394,64-10297
020131,212,CN-TMS
342694,D.4-05,D4-05
3430D8,T.21-13,T21-13
3442C4,HU.26-19,HU26-19
3571C4,E.27-04,E27-04
600B5D,40861,40860
3424C3,HU.30-01,HU30-01
401CD5,G-ECAY,G-SHAY
7A42A6,31110,30077
AE5FA7,11-46060,21-46060
353041,UD.14-01,UD14-01
3532C3,T.23-05,T23-05
48449A,P4-A8K,P4-MDH
4BB213,TC-OHS,TC-LPS
4D2013,9H-EUO,9H-EURO
4D20C1,9H-BEAR,9H-AGI
881BBA,B.F21-5/63,BF21-5/63
8990F6,B-16865,B-16828
343086,TK.10-06,TK10-06
34738A,HU.26-28A,HU26-28A
440033,OE-GTX,OE-LFX
34264F,T.21-11,T21-11
342697,D.4-03,D4-03
3432CE,T.19B-22,T19B-22
34738F,HU.26-30A,HU26-30A
3532C4,T.23-06,T23-06
44022C,OE-LGJ,OE-GCG
48433C,P4-AKR20,P4-KBG
50FFC6,45 BLUE,UR-09915
A0853F,NAF205,N1322B
347414,HU.26-31A,HU26-31A
3532CA,T.23-11,T23-11
35350F,P.3M-08,P3M-08
3571C8,E.27-08,E27-08
3571D7,E.27-23,E27-23
02012F,211,CN-TMR
342490,T.21-10,T21-10
353042,UD.14-02,UD14-02
356341,T.24-01,T24-01
3571D3,E.27-19,E27-19
505EAD,OM-DOM,OM-JUM
344609,UD.14-04,UD14-04
355316,TR.20-01,TR20-01
40120F,G-ZFZF,G-EGRV
4403A2,OE-GFB,OE-GAG
353344,TR.20-03,TR20-03
881BC4,B.F21-6/63,BF21-6/63
34338A,T.19A-01,T19A-01
3474D7,HU.26-37A,HU26-37A
3532C8,TK.23-09,TK23-09
3532CD,T.23-13,T23-13
4D028C,LX-HHO,LX-LAR
353542,D.4-08,D4-08
356342,T.24-02,T24-02
3571D5,E.27-21,E27-21
3571D6,E.27-22,E27-22
342696,D.4-02,D4-02
3432CD,T.19B-21,T19B-21
3435CC,HU.26-02,HU26-02
3532C1,T.23-01,T23-01
3532C2,T.23-04,T23-04
359209,HU.21-07,HU21-07
3593C8,HE.26-20,HE26-20
4402B9,OE-INC,OE-LOA
71002E,HZ-A42,HZ-SKY
71C566,21-001,HL8566
881B71,B.L18-2/59,BL18-2/59
34158A,T.21-05,T21-05
34308C,TK.10-12,TK10-12
359412,HE.26-27,HE26-27
4058E3,G-DAXA,G-ROYM
4D204D,9H-MIM,9H-UNA
899015,B-18811,B-18701
3571C2,E.27-02,E27-02
AE51A5,11-20345,10-20345
341581,T.21-03,T21-03
3543C5,HD.21-16,HD21-16
355290,CE.16-10,CE16-10
3571C6,E.27-06,E27-06
440300,OE-ILS,OE-GMA
4D021E,LX-AAA,LX-FLY
4D215A,9H-CHL,9H-CBB
4D216F,9H-ORNET,9H-GIO
7821A3,B-72G3,B-32G3
881B70,B.L18-1/59,BL18-1/59
881BC5,B.F21-7/63,BF21-7/63
8990F7,B-16866,B-16829
0B4033,TG-COH,TG-CCH
34308A,T.10-10,T10-10
3571C7,E.27-07,E27-07
E49DA4,FAB8821,8821
C0007D,C-FAEU,C-AEU
C030D9,C-FSMY,C-SMY
C00014,C-FAAT,C-AAT
C00083,C-FAFA,C-AFA
C000B7,C-FAHA,C-AHA
C000D2,C-FAIB,C-AIB
C0010B,C-FAKG,C-AKG
C002C0,C-FBBB,C-BBB
C00313,C-FBEG,C-BEG
C0031F,C-FBES,C-BES
C00351,C-FBGQ,C-BGQ
C0037F,C-FBIK,C-BIK
C00495,C-FBTC,C-BTC
C00769,C-FCUY,C-CUY
C0084F,C-FDDU,C-DDU
C0099E,C-FDQR,C-DQR
C009F1,C-FDTW,C-DTW
C00A34,C-FDWL,C-DWL
C00A7E,C-FDZH,C-DZH
C00B18,C-FEFF,C-EFF
C00BE2,C-FEMZ,C-EMZ
C00C4E,C-FERD,C-ERD
C00DFC,C-FFHR,C-FHR
C00E04,C-FFHZ,C-FHZ
C01059,C-FGEY,C-GEY
C01179,C-FGQA,C-GQA
C011F0,C-FGUP,C-GUP
C011F1,C-FGUQ,C-GUQ
C01212,C-FGVX,C-GVX
C01222,C-FGWN,C-GWN
C0132A,C-FHGR,C-HGR
C0143F,C-FHRI,C-HRI
C01517,C-FHZQ,C-HZQ
C015EE,C-FIHX,C-IHX
C019BF,C-FJTM,C-JTM
C01B0C,C-FKGH,C-KGH
C01C79,C-FKUI,C-KUI
C01D15,CF-LAI,C-LAI
C01D78,C-FLED,C-LED
C020A3,C-FMJI,C-MJI
C02123,C-FMOG,C-MOG
C02247,C-FMZM,C-MZM
C023DE,C-FNPD,C-NPD
C0247B,C-FNVE,C-NVE
C026CA,C-FORX,C-ORX
C0279F,C-FPAC,C-PAC
C0291F,C-FPOW,C-POW
C02931,C-FPPO,C-PPO
C02984,C-FPST,C-PST
C02A1E,C-FPYR,C-PYR
C02AB2,C-FQEJ,C-QEJ
C02B16,C-FQIF,C-QIF
C02B27,C-FQIW,C-QIW
C02B76,C-FQLX,C-QLX
C02D84,C-FRGD,C-RGD
C02DFD,C-FRKU,C-RKU
C02ECB,C-FRSS,C-RSS
C02F33,C-FRWS,C-RWS
C030FC,C-FSOH,C-SOH
C03129,C-FSQA,C-SQA
C0316B,C-FSSO,C-SSO
C03175,C-FSSY,C-SSY
C03456,C-FTVH,C-TVH
C03610,C-FUMH,C-UMH
C03678,C-FUQH,C-UQH
C036C6,C-FUTH,C-UTH
C037F8,C-FVFB,C-VFB
C038DC,C-FVNV,C-VNV
C0392A,C-FVQV,C-VQV
C039F8,C-FVYT,C-VYT
C03AAE,C-FWFT,C-WFT
C03BE1,C-FWRO,C-WRO
C03BEC,C-FWRZ,C-WRZ
C03C55,C-FWWA,C-WWA
C03D48,C-FXFJ,C-XFJ
C03D4A,C-FXFL,C-XFL
C03F09,C-FXWQ,C-XWQ
C04199,C-FYVW,C-YVW
C0419A,C-FYVX,C-YVX
C0420C,C-FZAH,C-ZAH
C04333,C-FZLQ,C-ZLQ
C043A3,C-FZPY,C-ZPY
C0022A,C-FAVH,C-AVH
C0027F,C-FAYO,C-AYO
C0038E,C-FBIZ,C-BIZ
C00428,C-FBOX,C-BOX
C00468,C-FBRJ,C-BRJ
C00653,C-FCKG,C-CKG
C00702,C-FCQZ,C-CQZ
C0079D,C-FCWY,C-CWY
C008D1,C-FDIU,C-DIU
C00AE2,C-FEDD,C-EDD
C00E85,C-FFMY,C-FMY
C00F0C,C-FFSD,C-FSD
C010AB,C-FGIC,C-GIC
C0116C,C-FGPN,C-GPN
C011AA,C-FGRX,C-GRX
C011E9,C-FGUI,C-GUI
C011EE,C-FGUN,C-GUN
C013A7,C-FHLM,C-HLM
C013AE,C-FHLT,C-HLT
C013B9,C-FHME,C-HME
C013FD,C-FHOU,C-HOU
C01497,C-FHUS,C-HUS
C01507,C-FHZA,C-HZA
C018A8,C-FJIT,C-JIT
C01CE1,C-FKYI,C-KYI
C01D7A,C-FLEF,C-LEF
C01E41,C-FLLW,C-LLW
C01F4E,C-FLWF,C-LWF
C020F2,C-FMMJ,C-MMJ
C0224A,C-FMZP,C-MZP
C02256,C-FNAB,C-NAB
C0236F,C-FNKW,C-NKW
C02457,C-FNTU,C-NTU
C02B52,C-FQKN,C-QKN
C02C7F,C-FQWC,C-QWC
C02D6C,C-FRFF,C-RFF
C02E53,C-FROC,C-ROC
C02ED7,C-FRTE,C-RTE
C0325A,C-FTBT,C-TBT
C034AC,C-FTYP,C-TYP
C034DF,C-FUAO,C-UAO
C03651,C-FUOU,C-UOU
C03662,C-FUPL,C-UPL
C038CF,C-FVNI,C-VNI
C03915,C-FVQA,C-VQA
C03A9E,C-FWFD,C-WFD
C03B79,C-FWNO,C-WNO
C03C8F,C-FWYG,C-WYG
C03CDA,C-FXBD,C-XBD
C03DDC,C-FXLB,C-XLB
C03E71,C-FXQU,C-XQU
C03E90,C-FXRZ,C-XRZ
C03F11,C-FXWY,C-XWY
C03F24,C-FXXR,C-XXR
C03F31,C-FXYE,C-XYE
C0419C,C-FYVZ,C-YVZ
C041D4,C-FYYD,C-YYD
C0427F,C-FZES,C-ZES
C04392,C-FZPH,C-ZPH
C043B0,C-FZQL,C-ZQL
C000EE,C-FAJD,C-AJD
C00187,C-FAPA,C-APA
C00294,C-FAZJ,C-AZJ
C00498,C-FBTF,C-BTF
C0049C,C-FBTJ,C-BTJ
C0050F,C-FBXU,C-BXU
C0057B,C-FCBY,C-CBY
C0066D,C-FCLG,C-CLG
C008E9,C-FDJS,C-DJS
C00909,C-FDKY,C-DKY
C00AA6,C-FEAV,C-EAV
C00AAB,C-FEBA,C-EBA
C00C3A,C-FEQJ,C-EQJ
C00C87,C-FETI,C-ETI
C00E3A,C-FFKB,C-FKB
C00E7E,C-FFMR,C-FMR
C00EFB,C-FFRM,C-FRM
C010C1,C-FGIY,C-GIY
C01173,C-FGPU,C-GPU
C011C6,C-FGSZ,C-GSZ
C0121D,C-FGWI,C-GWI
C01339,C-FHHG,C-HHG
C01454,C-FHSD,C-HSD
C014D8,C-FHXF,C-HXF
C015D6,C-FIGZ,C-IGZ
C015FE,C-FIIN,C-IIN
C017CB,C-FJAG,C-JAG
C0192F,C-FJNY,C-JNY
C01A68,C-FJZZ,C-JZZ
C01AAD,C-FKCQ,C-KCQ
C01BB6,C-FKMV,C-KMV
C01C58,C-FKTB,C-KTB
C01DEC,C-FLIP,C-LIP
C01F32,C-FLVD,C-LVD
C01F3F,C-FLVQ,C-LVQ
C020CC,C-FMKX,C-MKX
C020D6,C-FMLH,C-MLH
C02278,C-FNBJ,C-NBJ
C022ED,C-FNFW,C-NFW
C02350,C-FNJR,C-NJR
C02364,C-FNKL,C-NKL
C0245C,C-FNTZ,C-NTZ
C0276B,C-FOYC,C-OYC
C02934,C-FPPR,C-PPR
C029B4,C-FPUP,C-PUP
C02AE8,C-FQGL,C-QGL
C02BA0,C-FQNN,C-QNN
C02D58,C-FREL,C-REL
C03070,C-FSIX,C-SIX
C030CE,C-FSMN,C-SMN
C031AF,C-FSVE,C-SVE
C03259,C-FTBS,C-TBS
C033F1,C-FTRK,C-TRK
C035E4,C-FUKP,C-UKP
C0367D,C-FUQM,C-UQM
C03896,C-FVLD,C-VLD
C039E1,C-FVXW,C-VXW
C03ABB,C-FWGG,C-WGG
C03B68,C-FWMX,C-WMX
C03CDB,C-FXBE,C-XBE
C03D08,C-FXCX,C-XCX
C03D1E,C-FXDT,C-XDT
C0409D,C-FYME,C-YME
C0417D,C-FYUU,C-YUU
C04188,C-FYVF,C-YVF
C04197,C-FYVU,C-YVU
C041DC,C-FYYL,C-YYL
C04214,C-FZAP,C-ZAP
C042B3,C-FZGS,C-ZGS
C04372,C-FZOB,C-ZOB
C0437B,C-FZOK,C-ZOK
C04399,C-FZPO,C-ZPO
C003C9,C-FBLG,C-BLG
C007A5,C-FCXG,C-CXG
C00813,C-FDBM,C-DBM
C00939,C-FDMU,C-DMU
C00978,C-FDPF,C-DPF
C00A4C,C-FDXJ,C-DXJ
C00A84,C-FDZN,C-DZN
C00CD5,C-FEWI,C-EWI
C00D0B,C-FEYK,C-EYK
C00DE7,C-FFGW,C-FGW
C01394,C-FHKT,C-HKT
C014B8,C-FHVZ,C-HVZ
C015EA,C-FIHT,C-IHT
C01600,C-FIIP,C-IIP
C016B2,C-FIPL,C-IPL
C01827,C-FJDU,C-JDU
C01994,C-FJRV,C-JRV
C01A0E,C-FJWN,C-JWN
C01A77,C-FKAO,C-KAO
C01BB0,C-FKMP,C-KMP
C01BB1,C-FKMQ,C-KMQ
C01C2A,C-FKRH,C-KRH
C01E44,C-FLLZ,C-LLZ
C01F51,C-FLWI,C-LWI
C0234A,C-FNJL,C-NJL
C023E2,C-FNPH,C-NPH
C025B0,C-FOHB,C-OHB
C027E4,C-FPCT,C-PCT
C0281F,C-FPFA,C-PFA
C02853,C-FPHA,C-PHA
C02874,C-FPIH,C-PIH
C029C4,C-FPVF,C-PVF
C02CE0,C-FQZV,C-QZV
C02D16,C-FRBX,C-RBX
C02E0C,C-FRLJ,C-RLJ
C02EEA,C-FRTX,C-RTX
C0306C,C-FSIT,C-SIT
C030B9,C-FSLS,C-SLS
C03162,C-FSSF,C-SSF
C03184,C-FSTN,C-STN
C0320A,C-FSYR,C-SYR
C0324A,C-FTBD,C-TBD
C033D6,C-FTQJ,C-TQJ
C03455,C-FTVG,C-TVG
C03658,C-FUPB,C-UPB
C0375A,C-FUYZ,C-UYZ
C0387D,C-FVKE,C-VKE
C03944,C-FVRV,C-VRV
C0395E,C-FVSV,C-VSV
C03CEB,C-FXBU,C-XBU
C03D76,C-FXHD,C-XHD
C03EB4,C-FXTJ,C-XTJ
C03F83,C-FYBI,C-YBI
C04061,C-FYJW,C-YJW
C04063,C-FYJY,C-YJY
C040F8,C-FYPR,C-YPR
C04169,C-FYUA,C-YUA
C0416F,C-FYUG,C-YUG
C04360,C-FZNJ,C-ZNJ
C000B4,C-FAGX,C-AGX
C00193,C-FAPM,C-APM
C0019F,C-FAPY,C-APY
C0029A,C-FAZP,C-AZP
C00420,C-FBOP,C-BOP
C00566,C-FCBD,C-CBD
C005DC,C-FCFR,C-CFR
C0062F,C-FCIW,C-CIW
C0081B,C-FDBU,C-DBU
C00A7F,C-FDZI,C-DZI
C00AA5,C-FEAU,C-EAU
C00B7F,C-FEJE,C-EJE
C00BCA,C-FEMB,C-EMB
C00BED,C-FENK,C-ENK
C00CD3,C-FEWG,C-EWG
C00D04,C-FEYD,C-EYD
C00D31,C-FEZW,C-EZW
C00D39,C-FFAE,C-FAE
C00D52,C-FFBD,C-FBD
C00DA5,C-FFEI,C-FEI
C00DA6,C-FFEJ,C-FEJ
C00E19,C-FFIU,C-FIU
C00E38,C-FFJZ,C-FJZ
C010DD,C-FGKA,C-GKA
C01147,C-FGOC,C-GOC
C011BD,C-FGSQ,C-GSQ
C01221,C-FGWM,C-GWM
C01288,C-FHAL,C-HAL
C0138E,C-FHKN,C-HKN
C014F3,C-FHYG,C-HYG
C015DD,C-FIHG,C-IHG
C0182F,C-FJEC,C-JEC
C0191C,C-FJNF,C-JNF
C0191E,C-FJNH,C-JNH
C019FB,C-FJVU,C-JVU
C01C04,C-FKPV,C-KPV
C01EE8,C-FLSH,C-LSH
C01F49,C-FLWA,C-LWA
C02003,C-FMDE,C-MDE
C020AC,C-FMJR,C-MJR
C02242,C-FMZH,C-MZH
C02440,C-FNSX,C-NSX
C02442,C-FNSZ,C-NSZ
C02515,C-FOBC,C-OBC
C025A5,C-FOGQ,C-OGQ
C025E7,C-FOJE,C-OJE
C02674,C-FOOP,C-OOP
C02784,C-FOZB,C-OZB
C02924,C-FPPB,C-PPB
C02974,C-FPSD,C-PSD
C02A1A,C-FPYN,C-PYN
C02A22,C-FPYV,C-PYV
C02B1E,C-FQIN,C-QIN
C02B48,C-FQKD,C-QKD
C02CC1,C-FQYQ,C-QYQ
C02DD2,C-FRJD,C-RJD
C02E81,C-FRPW,C-RPW
C02EF4,C-FRUH,C-RUH
C02F07,C-FRVA,C-RVA
C02FAB,C-FSBI,C-SBI
C02FCF,C-FSCS,C-SCS
C0313B,C-FSQS,C-SQS
C032BC,C-FTFN,C-TFN
C03418,C-FTSX,C-TSX
C03515,C-FUCQ,C-UCQ
C036F6,C-FUVD,C-UVD
C037CE,C-FVDL,C-VDL
C03897,C-FVLE,C-VLE
C03943,C-FVRU,C-VRU
C039D0,C-FVXF,C-VXF
C03A47,C-FWBU,C-WBU
C03A81,C-FWEA,C-WEA
C03C50,C-FWVV,C-WVV
C03D99,C-FXIM,C-XIM
C03F2C,C-FXXZ,C-XXZ
C03FCB,C-FYEC,C-YEC
C03FDB,C-FYES,C-YES
C04080,C-FYLB,C-YLB
C0439E,C-FZPT,C-ZPT
C043A4,C-FZPZ,C-ZPZ
C04422,C-FZUV,C-ZUV
C0001E,C-FABD,C-ABD
C00073,C-FAEK,C-AEK
C003CD,C-FBLK,C-BLK
C00476,C-FBRX,C-BRX
C00651,C-FCKE,C-CKE
C00661,C-FCKU,C-CKU
C00752,C-FCUB,C-CUB
C007CA,C-FCYR,C-CYR
C00845,C-FDDK,C-DDK
C0087C,C-FDFN,C-DFN
C0098E,C-FDQB,C-DQB
C009A4,C-FDQX,C-DQX
C009E6,C-FDTL,C-DTL
C00A39,C-FDWQ,C-DWQ
C00B2B,C-FEFY,C-EFY
C00B5C,C-FEHV,C-EHV
C00BEF,C-FENM,C-ENM
C00CC2,C-FEVP,C-EVP
C00D33,C-FEZY,C-EZY
C00EAD,C-FFOM,C-FOM
C03964,C-FVTB,C-VTB
C01084,C-FGGP,C-GGP
C01194,C-FGRB,C-GRB
C0139C,C-FHLB,C-HLB
C014E6,C-FHXT,C-HXT
C016C1,C-FIQA,C-IQA
C0177F,C-FIXI,C-IXI
C01811,C-FJCY,C-JCY
C0183B,C-FJEO,C-JEO
C018CB,C-FJKC,C-JKC
C018EE,C-FJLL,C-JLL
C01937,C-FJOG,C-JOG
C01A3C,C-FJYH,C-JYH
C01ADB,C-FKEK,C-KEK
C01EEF,C-FLSO,C-LSO
C01F21,C-FLUM,C-LUM
C01FA7,C-FLZQ,C-LZQ
C020A4,C-FMJJ,C-MJJ
C022D5,C-FNEY,C-NEY
C02353,C-FNJU,C-NJU
C02360,C-FNKH,C-NKH
C02B8A,C-FQMR,C-QMR
C02C2A,C-FQSV,C-QSV
C02D11,C-FRBS,C-RBS
C02D77,C-FRFQ,C-RFQ
C03138,C-FSQP,C-SQP
C033DB,C-FTQO,C-TQO
C033DF,C-FTQS,C-TQS
C033E2,C-FTQV,C-TQV
C0346E,C-FTWF,C-TWF
C0352A,C-FUDL,C-UDL
C035BE,C-FUJD,C-UJD
C036BE,C-FUSZ,C-USZ
C0386C,C-FVJN,C-VJN
C03B42,C-FWLL,C-WLL
C03D96,C-FXIJ,C-XIJ
C03E1B,C-FXNM,C-XNM
C03E2F,C-FXOG,C-XOG
C03F4D,C-FXZG,C-XZG
C04225,C-FZBG,C-ZBG
C04450,C-FZWP,C-ZWP
C0448A,C-FZYV,C-ZYV
C0001D,C-FABC,C-ABC
C0016F,C-FAOC,C-AOC
C0033D,C-FBFW,C-BFW
C00352,C-FBGR,C-BGR
C003AE,C-FBKF,C-BKF
C004B3,C-FBUG,C-BUG
C004BA,C-FBUN,C-BUN
C0052B,C-FBYW,C-BYW
C00535,C-FBZG,C-BZG
C00592,C-FCCV,C-CCV
C00607,C-FCHI,C-CHI
C006C9,C-FCOU,C-COU
C006FD,C-FCQU,C-CQU
C00790,C-FCWL,C-CWL
C007DD,C-FCZK,C-CZK
C007FC,C-FDAP,C-DAP
C00A7C,C-FDZF,C-DZF
C00B14,C-FEFB,C-EFB
C00B46,C-FEGZ,C-EGZ
C00C06,C-FEOJ,C-EOJ
C00C13,C-FEOW,C-EOW
C00C69,C-FESE,C-ESE
C0315A,C-FXRX,C-FSRX
C00FBA,C-FFYV,C-FYV
C01058,C-FGEX,C-GEX
C03656,C-FUOZ,C-UOZ
C0115C,C-FGOX,C-GOX
C01172,C-FGPT,C-GPT
C011B2,C-FGSF,C-GSF
C01627,C-FIKC,C-IKC
C01717,C-FITI,C-ITI
C0178A,C-FIXT,C-IXT
C01803,C-FJCK,C-JCK
C0180D,C-FJCU,C-JCU
C018BE,C-FJJP,C-JJP
C01A0D,C-FJWM,C-JWM
C01A30,C-FJXV,C-JXV
C01B73,C-FKKG,C-KKG
C01E89,C-FLOQ,C-LOQ
C01E8F,C-FLOW,C-LOW
C01EAA,C-FLPX,C-LPX
C0222B,C-FMYK,C-MYK
C02301,C-FNGQ,C-NGQ
C0235E,C-FNKF,C-NKF
C0236E,C-FNKV,C-NKV
C023BC,C-FNNV,C-NNV
C023E9,C-FNPO,C-NPO
C02525,C-FOBS,C-OBS
C0261F,C-FOLI,C-OLI
C02734,C-FOVZ,C-OVZ
C02866,C-FPHT,C-PHT
C0295D,C-FPRG,C-PRG
C029B6,C-FPUR,C-PUR
C02C26,C-FQSR,C-QSR
C02CD9,C-FQZO,C-QZO
C02CE7,C-FRAC,C-RAC
C02E31,C-FRMU,C-RMU
C02EAE,C-FRRP,C-RRP
C02F5F,C-FRYK,C-RYK
C02FAC,C-FSBJ,C-SBJ
C031E0,C-FSXB,C-SXB
C0321E,C-FSZL,C-SZL
C03345,C-FTKU,C-TKU
C033BF,C-FTPM,C-TPM
C0341A,C-FTSZ,C-TSZ
C0355E,C-FUFL,C-UFL
C0374B,C-FUYK,C-UYK
C03798,C-FVBJ,C-VBJ
C03906,C-FVPL,C-VPL
C03934,C-FVRF,C-VRF
C03B9E,C-FWOZ,C-WOZ
C03BB6,C-FWPX,C-WPX
C03DA4,C-FXIX,C-XIX
C03DD9,C-FXKY,C-XKY
C03E0E,C-FXMZ,C-XMZ
C03F0E,C-FXWV,C-XWV
C03F40,C-FXYT,C-XYT
C03F9D,C-FYCI,C-YCI
C0401E,C-FYHH,C-YHH
C0412E,C-FYRT,C-YRT
C041D2,C-FYYB,C-YYB
C04283,C-FZEW,C-ZEW
C00166,C-FANT,C-ANT
C00289,C-FAYY,C-AYY
C00526,C-FBYR,C-BYR
C0053B,C-FBZM,C-BZM
C00552,C-FCAJ,C-CAJ
C00593,C-FCCW,C-CCW
C005E8,C-FCGD,C-CGD
C00650,C-FCKD,C-CKD
C0067D,C-FCLW,C-CLW
C0080E,C-FDBH,C-DBH
C00882,C-FDFT,C-DFT
C008A3,C-FDHA,C-DHA
C008B3,C-FDHQ,C-DHQ
C00A2D,C-FDWE,C-DWE
C00B07,C-FEEO,C-EEO
C00B56,C-FEHP,C-EHP
C00B5F,C-FEHY,C-EHY
C00BF2,C-FENP,C-ENP
C00C71,C-FESM,C-ESM
C00E6B,C-FFLY,C-FLY
C00FC4,C-FFZF,C-FZF
C0100D,C-FGCA,C-GCA
C0103D,C-FGDW,C-GDW
C0106C,C-FGFR,C-GFR
C012F6,C-FHER,C-HER
C01847,C-FJFA,C-JFA
C01CBC,C-FKWX,C-KWX
C01CD6,C-FKXX,C-KXX
C01DE8,C-FLIL,C-LIL
C01DFF,C-FLJI,C-LJI
C01F8C,C-FLYP,C-LYP
C02101,C-FMMY,C-MMY
C02212,C-FMXL,C-MXL
C0228E,C-FNCF,C-NCF
C0234D,C-FNJO,C-NJO
C0275D,C-FOXO,C-OXO
C02C70,C-FQVN,C-QVN
C02C97,C-FQXA,C-QXA
C02E14,C-FRLR,C-RLR
C02E77,C-FRPM,C-RPM
C0300D,C-FSFC,C-SFC
C0319B,C-FSUK,C-SUK
C03346,C-FTKV,C-TKV
C034C9,C-FTZS,C-TZS
C03535,C-FUDW,C-UDW
C03615,C-FUMM,C-UMM
C03659,C-FUPC,C-UPC
C03874,C-FVJV,C-VJV
C038EA,C-FVOJ,C-VOJ
C03922,C-FVQN,C-VQN
C03A70,C-FWDJ,C-WDJ
C03AD2,C-FWHD,C-WHD
C03C2D,C-FWUM,C-WUM
C03C9C,C-FWYT,C-WYT
C03D46,C-FXFH,C-XFH
C03F39,C-FXYM,C-XYM
C03FE4,C-FYFB,C-YFB
C04028,C-FYHR,C-YHR
C04062,C-FYJX,C-YJX
C040B2,C-FYMZ,C-YMZ
C04224,C-FZBF,C-ZBF
C042FD,C-FZJO,C-ZJO
C0049F,C-FBTM,C-BTM
C004CB,C-FBVE,C-BVE
C004FC,C-FBXB,C-BXB
C0066B,C-FCLE,C-CLE
C00678,C-FCLR,C-CLR
C006F5,C-FCQM,C-CQM
C00761,C-FCUQ,C-CUQ
C00811,C-FDBK,C-DBK
C0097C,C-FDPJ,C-DPJ
C00A09,C-FDUU,C-DUU
C00A5E,C-FDYB,C-DYB
C00AC7,C-FECC,C-ECC
C00AFF,C-FEEG,C-EEG
C00B3D,C-FEGQ,C-EGQ
C00BA9,C-FEKU,C-EKU
C00BB6,C-FELH,C-ELH
C00D9C,C-FFDZ,C-FDZ
C010FF,CF-GLI,C-FGLI
C00EE9,C-FFQU,C-FQU
C00FBB,C-FFYW,C-FYW
C0506B,C0506B,C-GELU
C050AE,C050AE,C-GEOJ
C010AF,C-FGIG,C-GIG
C010B2,C-FGIJ,C-GIJ
C010E5,C-FGKI,C-GKI
C011EA,C-FGUJ,C-GUJ
C0124E,C-FGYF,C-GYF
C01264,C-FGZB,C-GZB
C01388,C-FHKH,C-HKH
C013FA,C-FHOR,C-HOR
C01736,C-FIUN,C-IUN
C0188E,C-FJHT,C-JHT
C018A2,C-FJIN,C-JIN
C01A3D,C-FJYI,C-JYI
C01A73,C-FKAK,C-KAK
C01AF8,C-FKFN,C-KFN
C01B4B,C-FKIS,C-KIS
C01C3B,C-FKRY,C-KRY
C01C97,C-FKVM,C-KVM
C01D21,C-FLAU,C-LAU
C01D3A,C-FLBT,C-LBT
C01EF1,C-FLSQ,C-LSQ
C01FA5,C-FLZO,C-LZO
C01FD3,C-FMBI,C-MBI
C020E6,C-FMLX,C-MLX
C02170,C-FMRF,C-MRF
C022EE,C-FNFX,C-NFX
C0241D,C-FNRO,C-NRO
C02590,C-FOFV,C-OFV
C0265B,C-FONQ,C-ONQ
C02742,C-FOWN,C-OWN
C02840,C-FPGH,C-PGH
C02868,C-FPHV,C-PHV
C02936,C-FPPT,C-PPT
C02959,C-FPRC,C-PRC
C029D6,C-FPVX,C-PVX
C02A1B,C-FPYO,C-PYO
C02A85,C-FQCQ,C-QCQ
C02AB5,C-FQEM,C-QEM
C02B2B,C-FQJA,C-QJA
C02BF4,C-FQQT,C-QQT
C02F96,C-FSAN,C-SAN
C03085,C-FSJS,C-SJS
C03155,C-FSRS,C-SRS
C03430,C-FTTV,C-TTV
C03578,C-FUGL,C-UGL
C036A4,C-FURZ,C-URZ
C0371D,C-FUWQ,C-UWQ
C0382E,C-FVHD,C-VHD
C039F6,C-FVYR,C-VYR
C03B4E,C-FWLX,C-WLX
C03C75,C-FWXG,C-WXG
C03D30,C-FXEL,C-XEL
C03D3F,C-FXFA,C-XFA
C03F03,C-FXWK,C-XWK
C040F9,C-FYPS,C-YPS
C04281,C-FZEU,C-ZEU
C042F9,C-FZJK,C-ZJK
C000C3,C-FAHM,C-AHM
C002CE,C-FBBP,C-BBP
C00341,C-FBGA,C-BGA
C00471,C-FBRS,C-BRS
C005C1,C-FCEQ,C-CEQ
C006BC,C-FCOH,C-COH
C006FB,C-FCQS,C-CQS
C0077C,C-FCVR,C-CVR
C00BBC,C-FELN,C-ELN
C00C62,C-FERX,C-ERX
C00CC0,C-FEVN,C-EVN
C00EB8,C-FFOX,C-FOX
C010A3,C-FGHU,C-GHU
C06A80,C-GO_IP,C-GOIP
C011E3,C-FGUC,C-GUC
C0125F,C-FGYW,C-GYW
C01290,C-FHAT,C-HAT
C0195C,C-FJPR,C-JPR
C01BB3,C-FKMS,C-KMS
C01C92,C-FKVH,C-KVH
C01D2B,C-FLBE,C-LBE
C01EC1,C-FLQU,C-LQU
C020D0,C-FMLB,C-MLB
C022E7,C-FNFQ,C-NFQ
C023DB,C-FNPA,C-NPA
C0241A,C-FNRL,C-NRL
C02620,C-FOLJ,C-OLJ
C02671,C-FOOM,C-OOM
C02741,C-FOWM,C-OWM
C02806,C-FPEB,C-PEB
C0292A,C-FPPH,C-PPH
C02B3D,C-FQJS,C-QJS
C02B40,C-FQJV,C-QJV
C02C8D,C-FQWQ,C-QWQ
C02CFF,C-FRBA,C-RBA
C02F19,C-FRVS,C-RVS
C02F93,C-FSAK,C-SAK
C02FE8,C-FSDR,C-SDR
C033DA,C-FTQN,C-TQN
C03670,C-FUPZ,C-UPZ
C03836,C-FVHL,C-VHL
C03940,C-FVRR,C-VRR
C03941,C-FVRS,C-VRS
C0399C,C-FVVF,C-VVF
C03B45,C-FWLO,C-WLO
C03B58,C-FWMH,C-WMH
C03B91,C-FWOM,C-WOM
C03DBE,C-FXJX,C-XJX
C03DD1,C-FXKQ,C-XKQ
C03EE5,C-FXVG,C-XVG
C04120,C-FYRF,C-YRF
C043AD,C-FZQI,C-ZQI
C0000D,C-FAAM,C-AAM
C000E3,C-FAIS,C-AIS
C00292,C-FAZH,C-AZH
C002A0,C-FAZV,C-AZV
C00418,C-FBOH,C-BOH
C0053A,C-FBZL,C-BZL
C0085C,C-FDEH,C-DEH
C00981,C-FDPO,C-DPO
C009B8,C-FDRR,C-DRR
C00BD3,C-FEMK,C-EMK
C00BDB,C-FEMS,C-EMS
C00BEA,C-FENH,C-ENH
C00C63,C-FERY,C-ERY
C00C7D,C-FESY,C-ESY
C00D23,C-FEZI,C-EZI
C00D9E,C-FFEB,C-FEB
C00DBF,C-FFFI,C-FFI
C00F35,C-FFTS,C-FTS
C0101E,C-FGCR,C-GCR
C01038,C-FGDR,C-GDR
C01110,C-FGLZ,C-GLZ
C0119C,C-FGRJ,C-GRJ
C01285,C-FHAI,C-HAI
C0137C,C-FHJV,C-HJV
C013EA,C-FHOB,C-HOB
C014D5,C-FHXC,C-HXC
C017F9,C-FJCA,C-JCA
C018AD,C-FJIY,C-JIY
C019E5,C-FJUY,C-JUY
C01A3B,C-FJYG,C-JYG
C01B7C,C-FKKP,C-KKP
C01C0D,C-FKQE,C-KQE
C01D85,C-FLEQ,C-LEQ
C01DBE,C-FLGV,C-LGV
C01DCF,C-FLHM,C-LHM
C01DDB,C-FLHY,C-LHY
C01E6A,C-FLNL,C-LNL
C01FB4,C-FMAD,C-MAD
C021DE,C-FMVL,C-MVL
C021F1,C-FMWE,C-MWE
C022B4,C-FNDR,C-NDR
C02424,C-FNRV,C-NRV
C024E0,C-FNZB,C-NZB
C024E9,C-FNZK,C-NZK
C026AC,C-FOQT,C-OQT
C027C4,C-FPBN,C-PBN
C02B0B,C-FQHU,C-QHU
C02B5F,C-FQLA,C-QLA
C02C79,C-FQVW,C-QVW
C02D09,C-FRBK,C-RBK
C02F53,C-FRXY,C-RXY
C0300F,C-FSFE,C-SFE
C03232,C-FTAF,C-TAF
C03423,C-FTTI,C-TTI
C037CC,C-FVDJ,C-VDJ
C037D6,C-FVDT,C-VDT
C0392C,C-FVQX,C-VQX
C0393C,CF-VRN,C-VRN
C03A5D,C-FWCQ,C-WCQ
C03AA6,C-FWFL,C-WFL
C03AC6,C-FWGR,C-WGR
C03B73,C-FWNI,C-WNI
C03C01,C-FWSU,C-WSU
C03CF8,C-FXCH,C-XCH
C03F21,C-FXXO,C-XXO
C0427B,C-FZEO,C-ZEO
C04430,C-FZVJ,C-ZVJ
C001B1,C-FAQQ,C-AQQ
C001FF,C-FATQ,C-ATQ
C00309,C-FBDW,C-BDW
C004A2,C-FBTP,C-BTP
C00580,C-FCCD,C-CCD
C0077A,C-FCVP,C-CVP
C009AB,C-FDRE,C-DRE
C00B50,C-FEHJ,C-EHJ
C00C1C,C-FEPF,C-EPF
C00D50,C-FFBB,C-FBB
C00DC2,C-FFFL,C-FFL
C00DED,C-FFHC,C-FHC
C00F1E,C-FFSV,C-FSV
C01001,C-FGBO,C-GBO
C0104E,C-FGEN,C-GEN
C050C0,C050C0,C-GEPB
C0105F,C-FGFE,C-GFE
C01128,C-FGMX,C-GMX
C012A0,C-FHBJ,C-HBJ
C012CD,C-FHDC,C-HDC
C01301,C-FHFC,C-HFC
C014F6,C-FHYJ,C-HYJ
C01537,C-FIAW,C-IAW
C01578,C-FIDJ,C-IDJ
C017BE,C-FIZT,C-IZT
C017CA,C-FJAF,C-JAF
C01826,C-FJDT,C-JDT
C018A4,C-FJIP,C-JIP
C018AC,C-FJIX,C-JIX
C01A57,C-FJZI,C-JZI
C01ACB,C-FKDU,C-KDU
C01AD0,C-FKDZ,C-KDZ
C01B85,C-FKKY,C-KKY
C01BEE,C-FKOZ,C-KOZ
C01C38,C-FKRV,C-KRV
C01C78,C-FKUH,C-KUH
C01CA0,C-FKVV,C-KVV
C01CC2,C-FKXD,C-KXD
C01DA8,C-FLFZ,C-LFZ
C01F67,C-FLXE,C-LXE
C0207A,C-FMHT,C-MHT
C020AA,C-FMJP,C-MJP
C02199,C-FMSU,C-MSU
C021E6,C-FMVT,C-MVT
C0231B,C-FNHQ,C-NHQ
C02558,C-FODR,C-ODR
C02675,C-FOOQ,C-OOQ
C026B3,C-FORA,C-ORA
C026D7,C-FOSK,C-OSK
C028F1,C-FPNC,C-PNC
C0295C,C-FPRF,C-PRF
C0297C,C-FPSL,C-PSL
C029D3,C-FPVU,C-PVU
C02DFA,C-FRKR,C-RKR
C02F9A,C-FSAR,C-SAR
C030BC,C-FSLV,C-SLV
C030E0,C-FSNF,C-SNF
C0312D,C-FSQE,C-SQE
C03167,C-FSSK,C-SSK
C0318A,C-FSTT,C-STT
C0324E,C-FTBH,C-TBH
C034C7,C-FTZQ,C-TZQ
C034E0,C-FUAP,C-UAP
C0372D,C-FUXG,C-UXG
C037B5,C-FVCM,C-VCM
C0384A,C-FVIF,C-VIF
C03907,C-FVPM,C-VPM
C03963,C-FVTA,C-VTA
C039B9,C-FVWI,C-VWI
C03A10,C-FVZR,C-VZR
C03A4B,C-FWBY,C-WBY
C03D0D,C-FXDC,C-XDC
C03F5C,C-FXZV,C-XZV
C04207,C-FZAC,C-ZAC
C04230,C-FZBR,C-ZBR
C0426E,C-FZEB,C-ZEB
C04296,C-FZFP,C-ZFP
C04458,C-FZWX,C-ZWX
C044A2,C-FZZT,C-ZZT
C002A5,C-FBAA,C-BAA
C0034D,C-FBGM,C-BGM
C003F5,C-FBMY,C-BMY
C0043C,C-FBPR,C-BPR
C00441,C-FBPW,C-BPW
C00604,C-FCHF,C-CHF
C00726,C-FCSJ,C-CSJ
C008CA,C-FDIN,C-DIN
C009C1,C-FDSA,C-DSA
C00B65,C-FEIE,C-EIE
C00BE6,C-FEND,C-END
C00D80,C-FFCX,C-FCX
C00D8B,C-FFDI,C-FDI
C00DD6,C-FFGF,C-FGF
C01083,C-FGGO,C-GGO
C0108B,C-FGGW,C-GGW
C011FC,C-FGVB,C-GVB
C01281,C-FHAE,C-HAE
C012E1,C-FHDW,C-HDW
C01495,C-FHUQ,C-HUQ
C0152D,C-FIAM,C-IAM
C0184D,C-FJFG,C-JFG
C0184F,C-FJFI,C-JFI
C018F0,C-FJLN,C-JLN
C0197F,C-FJRA,C-JRA
C01D9D,C-FLFO,C-LFO
C01F85,C-FLYI,C-LYI
C01FC3,C-FMAS,C-MAS
C01FFF,C-FMDA,C-MDA
C020D5,C-FMLG,C-MLG
C02122,C-FMOF,C-MOF
C02274,C-FNBF,C-NBF
C022A6,C-FNDD,C-NDD
C0263F,C-FOMO,C-OMO
C02642,C-FOMR,C-OMR
C02667,C-FOOC,C-OOC
C0274C,C-FOWX,C-OWX
C02755,C-FOXG,C-OXG
C028C6,C-FPLL,C-PLL
C02914,C-FPOL,C-POL
C02995,C-FPTK,C-PTK
C02B6F,C-FQLQ,C-QLQ
C02D04,C-FRBF,C-RBF
C02F3E,C-FRXD,C-RXD
C02F90,C-FSAH,C-SAH
C031BE,C-FSVT,C-SVT
C03222,C-FSZP,C-SZP
C03404,C-FTSD,C-TSD
C03425,C-FTTK,C-TTK
C034A0,C-FTYD,C-TYD
C03560,C-FUFN,C-UFN
C03567,C-FUFU,C-UFU
C03698,C-FURN,C-URN
C036D4,C-FUTV,C-UTV
C037EB,C-FVEO,C-VEO
C038AF,C-FVMC,C-VMC
C038F4,C-FVOT,C-VOT
C038FE,C-FVPD,C-VPD
C039DE,C-FVXT,C-VXT
C03F93,C-FYBY,C-YBY
C04112,C-FYQR,C-YQR
C0422F,C-FZBQ,C-ZBQ
C04242,C-FZCJ,C-ZCJ
C04308,C-FZJZ,C-ZJZ
C00135,C-FALW,C-ALW
C0021B,C-FAUS,C-AUS
C002A7,C-FBAC,C-BAC
C002B6,C-FBAR,C-BAR
C00744,C-FCTN,C-CTN
C0085F,C-FDEK,C-DEK
C0093B,C-FDMW,C-DMW
C00BC1,C-FELS,C-ELS
C00C3C,C-FEQL,C-EQL
C00D4A,C-FFAV,C-FAV
C00D5D,C-FFBO,C-FBO
C00DE2,C-FFGR,C-FGR
C00E03,C-FFHY,C-FHY
C00EFF,C-FFRQ,C-FRQ
C00F64,C-FFVN,C-FVN
C0119D,C-FGRK,C-GRK
C012D9,C-FHDO,C-HDO
C01629,C-FIKE,C-IKE
C016C4,C-FIQD,C-IQD
C01886,C-FJHL,C-JHL
C01AAF,C-FKCS,C-KCS
C01B0B,C-FKGG,C-KGG
C01B46,C-FKIN,C-KIN
C01B4C,C-FKIT,C-KIT
C01C56,C-FKSZ,C-KSZ
C01C69,C-FKTS,C-KTS
C01CD4,C-FKXV,C-KXV
C01D3E,C-FLBX,C-LBX
C01E53,C-FLMO,C-LMO
C01F0A,C-FLTP,C-LTP
C0209E,C-FMJD,C-MJD
C021C3,C-FMUK,C-MUK
C02453,C-FNTQ,C-NTQ
C025F0,C-FOJN,C-OJN
C02895,C-FPJO,C-PJO
C02AE9,C-FQGM,C-QGM
C02B9F,C-FQNM,C-QNM
C02D64,C-FREX,C-REX
C030B7,C-FSLQ,C-SLQ
C030C6,C-FSMF,C-SMF
C03251,C-FTBK,C-TBK
C03255,C-FTBO,C-TBO
C035A4,C-FUID,C-UID
C035B8,C-FUIX,C-UIX
C0361C,C-FUMT,C-UMT
C03758,C-FUYX,C-UYX
C03792,C-FVBD,C-VBD
C038B6,C-FVMJ,C-VMJ
C03ABF,C-FWGK,C-WGK
C03B24,C-FWKH,C-WKH
C03B33,C-FWKW,C-WKW
C03D4B,C-FXFM,C-XFM
C03DD4,C-FXKT,C-XKT
C03E60,C-FXQD,C-XQD
C04054,C-FYJJ,C-YJJ
C003B9,C-FBKQ,C-BKQ
C00408,C-FBNR,C-BNR
C00536,C-FBZH,C-BZH
C005D0,C-FCFF,C-CFF
C005DF,C-FCFU,C-CFU
C005FF,C-FCHA,C-CHA
C00620,C-FCIH,C-CIH
C0076F,C-FCVE,C-CVE
C007C6,C-FCYN,C-CYN
C00859,C-FDEE,C-DEE
C009BB,C-FDRU,C-DRU
C00DF4,C-FFHJ,C-FHJ
C00E5D,C-FFLK,C-FLK
C01039,C-FGDS,C-GDS
C01052,C-FGER,C-GER
C01072,C-FGFX,C-GFX
C010F5,C-FGKY,C-GKY
C0112F,C-FGNE,C-GNE
C01452,C-FHSB,C-HSB
C0156A,C-FICV,C-ICV
C0172A,C-FIUB,C-IUB
C018C3,C-FJJU,C-JJU
C019AA,C-FJSR,C-JSR
C01BBE,C-FKND,C-KND
C01BC4,C-FKNJ,C-KNJ
C01C14,C-FKQL,C-KQL
C01DE6,C-FLIJ,C-LIJ
C01E0F,C-FLJY,C-LJY
C01E8C,C-FLOT,C-LOT
C021F5,C-FMWI,C-MWI
C022D8,C-FNFB,C-NFB
C0254B,C-FODE,C-ODE
C025A9,C-FOGU,C-OGU
C0280F,C-FPEK,C-PEK
C02888,C-FPJB,C-PJB
C0293A,C-FPPX,C-PPX
C029BC,C-FPUX,C-PUX
C02AA2,C-FQDT,C-QDT
C02B60,C-FQLB,C-QLB
C02C9B,C-FQXE,C-QXE
C02CD4,C-FQZJ,C-QZJ
C02D80,C-FRFZ,C-RFZ
C02DD8,C-FRJJ,C-RJJ
C02DE2,C-FRJT,C-RJT
C02E4B,C-FRNU,C-RNU
C02E71,C-FRPG,C-RPG
C02EEE,C-FRUB,C-RUB
C02FF2,C-FSEB,C-SEB
C03039,C-FSGU,C-SGU
C031EB,C-FSXM,C-SXM
C03288,C-FTDN,C-TDN
C03339,C-FTKI,C-TKI
C03596,C-FUHP,C-UHP
C035DD,C-FUKI,C-UKI
C036E6,C-FUUN,C-UUN
C03847,C-FVIC,C-VIC
C0395F,C-FVSW,C-VSW
C03BCA,C-FWQR,C-WQR
C03C21,C-FWUA,C-WUA
C03C53,C-FWVY,C-WVY
C03C66,C-FWWR,C-WWR
C03D41,C-FXFC,C-XFC
C03E6D,C-FXQQ,C-XQQ
C03EB8,C-FXTN,C-XTN
C03ED0,C-FXUL,C-XUL
C03F8E,C-FYBT,C-YBT
C0436E,C-FZNX,C-ZNX
C00138,C-FALZ,C-ALZ
C002A4,C-FAZZ,C-AZZ
C004C3,C-FBUW,C-BUW
C0073F,C-FCTI,C-CTI
C007BB,C-FCYC,C-CYC
C00850,C-FDDV,C-DDV
C0090A,C-FDKZ,C-DKZ
C0097A,C-FDPH,C-DPH
C00ACB,C-FECG,C-ECG
C00B02,C-FEEJ,C-EEJ
C00B6A,C-FEIJ,C-EIJ
C00CD2,C-FEWF,C-EWF
C00E95,C-FFNO,C-FNO
C00ED2,C-FFPX,C-FPX
C00EFD,C-FFRO,C-FRO
C01277,C-FGZU,C-GZU
C0127F,C-FHAC,C-HAC
C013FC,C-FHOT,C-HOT
C01436,C-FHQZ,C-HQZ
C0151D,C-FHZW,C-HZW
C01591,C-FIEI,C-IEI
C015BA,C-FIFX,C-IFX
C01885,C-FJHK,C-JHK
C01887,C-FJHM,C-JHM
C019EC,C-FJVF,C-JVF
C01CF6,C-FKZD,C-KZD
C01D05,C-FKZS,C-KZS
C01F0F,C-FLTU,C-LTU
C0212A,C-FMON,C-MON
C0216A,C-FMQZ,C-MQZ
C022C7,C-FNEK,C-NEK
C024F9,C-FOAA,C-OAA
C026C2,C-FORP,C-ORP
C026E1,C-FOSU,C-OSU
C0280D,C-FPEI,C-PEI
C0283F,C-FPGG,C-PGG
C02BDD,C-FQPW,C-QPW
C02D36,C-FRDD,C-RDD
C02D71,C-FRFK,C-RFK
C02DDB,C-FRJM,C-RJM
C030A9,C-FSLC,C-SLC
C030D3,C-FSMS,C-SMS
C034E4,C-FUAT,C-UAT
C0350E,C-FUCJ,C-UCJ
C03546,C-FUEN,C-UEN
C036AF,C-FUSK,C-USK
C0377A,C-FVAF,C-VAF
C0385A,C-FVIV,C-VIV
C038AD,C-FVMA,C-VMA
C039AB,C-FVVU,C-VVU
C03B99,C-FWOU,C-WOU
C03BEE,C-FWSB,C-WSB
C03C58,C-FWWD,C-WWD
C03CCF,C-FXAS,C-XAS
C03EF5,C-FXVW,C-XVW
C03F2F,C-FXYC,C-XYC
C04013,C-FYGW,C-YGW
C0426F,C-FZEC,C-ZEC
C042A6,C-FZGF,C-ZGF
C043D8,C-FZRZ,C-ZRZ
C0444A,C-FZWJ,C-ZWJ
C0011D,C-FAKY,C-AKY
C00330,C-FBFJ,C-BFJ
C00461,C-FBRC,C-BRC
C00567,C-FCBE,C-CBE
C0061D,C-FCIE,C-CIE
C00740,C-FCTJ,C-CTJ
C00770,C-FCVF,C-CVF
C00A61,C-FDYE,C-DYE
C00A90,C-FDZZ,C-DZZ
C00B32,C-FEGF,C-EGF
C00B6B,C-FEIK,C-EIK
C00EA3,C-FFOC,C-FOC
C01081,C-FGGM,C-GGM
C010AE,C-FGIF,C-GIF
C01142,C-FGNX,C-GNX
C011BA,C-FGSN,C-GSN
C01488,C-FHUD,C-HUD
C014EB,C-FHXY,C-HXY
C0153C,C-FIBB,C-IBB
C01559,C-FICE,C-ICE
C016C5,C-FIQE,C-IQE
C01877,C-FJGW,C-JGW
C01888,C-FJHN,C-JHN
C018D2,C-FJKJ,C-JKJ
C019DD,C-FJUQ,C-JUQ
C01A93,C-FKBQ,C-KBQ
C01B8E,C-FKLH,C-KLH
C01BDC,C-FKOH,C-KOH
C01C55,C-FKSY,C-KSY
C01DBD,C-FLGU,C-LGU
C0231D,C-FNHS,C-NHS
C02377,C-FNLE,C-NLE
C0245A,C-FNTX,C-NTX
C0259A,C-FOGF,C-OGF
C0265C,C-FONR,C-ONR
C0279C,C-FOZZ,C-OZZ
C028B4,C-FPKT,C-PKT
C028D6,C-FPMB,C-PMB
C02A42,C-FQAB,C-QAB
C02C06,C-FQRL,C-QRL
C02D69,C-FRFC,C-RFC
C02E1C,C-FRLZ,C-RLZ
C02EEC,C-FRTZ,C-RTZ
C03040,C-FSHB,C-SHB
C030C3,C-FSMC,C-SMC
C031D1,C-FSWM,C-SWM
C033DC,C-FTQP,C-TQP
C035D1,C-FUJW,C-UJW
C037AE,C-FVCF,C-VCF
C03823,C-FVGS,C-VGS
C0388D,C-FVKU,C-VKU
C03990,C-FVUT,C-VUT
C039BC,C-FVWL,C-VWL
C03A9D,C-FWFC,C-WFC
C03AE8,C-FWHZ,C-WHZ
C03BD5,C-FWRC,C-WRC
C03BFD,C-FWSQ,C-WSQ
C03CA6,C-FWZD,C-WZD
C03E1F,C-FXNQ,C-XNQ
C03F5A,C-FXZT,C-XZT
C03FA6,C-FYCR,C-YCR
C0400B,C-FYGO,C-YGO
C04131,C-FYRW,C-YRW
C041D3,C-FYYC,C-YYC
C0438D,C-FZPC,C-ZPC
C04396,C-FZPL,C-ZPL
C001B0,C-FAQP,C-AQP
C0027B,C-FAYK,C-AYK
C00568,C-FCBF,C-CBF
C005CF,C-FCFE,C-CFE
C008B4,C-FDHR,C-DHR
C00985,C-FDPS,C-DPS
C00B03,C-FEEK,C-EEK
C00CAC,C-FEUT,C-EUT
C00D69,C-FFCA,C-FCA
C00DDB,C-FFGK,C-FGK
C00EAA,C-FFOJ,C-FOJ
C00F72,C-FFWB,C-FWB
C00FC2,C-FFZD,C-FZD
C00FDC,C-FGAD,C-GAD
C010BE,C-FGIV,C-GIV
C010D8,C-FGJV,C-GJV
C0120C,C-FGVR,C-GVR
C01279,C-FGZW,C-GZW
C01297,C-FHBA,C-HBA
C012DC,C-FHDR,C-HDR
C012F8,C-FHET,C-HET
C01367,C-FHJA,C-HJA
C0140C,C-FHPJ,C-HPJ
C0148D,C-FHUI,C-HUI
C015A1,C-FIEY,C-IEY
C015E5,C-FIHO,C-IHO
C018DF,C-FJKW,C-JKW
C01963,C-FJPY,C-JPY
C01B58,C-FKJF,C-KJF
C01B6B,C-FKJY,C-KJY
C01BE3,C-FKOO,C-KOO
C01C2F,C-FKRM,C-KRM
C01CCE,C-FKXP,C-KXP
C01E07,C-FLJQ,C-LJQ
C01E83,C-FLOK,C-LOK
C02036,C-FMFD,C-MFD
C0203C,C-FMFJ,C-MFJ
C020CF,C-FMLA,C-MLA
C02109,C-FMNG,C-MNG
C0227C,C-FNBN,C-NBN
C02819,C-FPEU,C-PEU
C02844,C-FPGL,C-PGL
C0299D,C-FPTS,C-PTS
C02ADD,C-FQGA,C-QGA
C02B75,C-FQLW,C-QLW
C02BFA,C-FQQZ,C-QQZ
C02E62,C-FROR,C-ROR
C02F32,C-FRWR,C-RWR
C03256,C-FTBP,C-TBP
C0326E,C-FTCN,C-TCN
C032B9,C-FTFK,C-TFK
C0336C,C-FTMH,C-TMH
C03401,C-FTSA,C-TSA
C03411,C-FTSQ,C-TSQ
C037B0,C-FVCH,C-VCH
C039EE,C-FVYJ,C-VYJ
C03A37,C-FWBE,C-WBE
C03ACC,C-FWGX,C-WGX
C03C45,C-FWVK,C-WVK
C03DBC,C-FXJV,C-XJV
C03EDB,C-FXUW,C-XUW
C03F6B,C-FYAK,C-YAK
C03FF2,C-FYFP,C-YFP
C0402E,C-FYHX,C-YHX
C043C7,C-FZRI,C-ZRI
C04475,C-FZYA,C-ZYA
C000E8,C-FAIX,C-AIX
C000F1,C-FAJG,C-AJG
C0022C,C-FAVJ,C-AVJ
C00276,C-FAYF,C-AYF
C00344,C-FBGD,C-BGD
C0051A,C-FBYF,C-BYF
C0091C,C-FDLR,C-DLR
C0098C,C-FDPZ,C-DPZ
C009CA,C-FDSJ,C-DSJ
C00A87,C-FDZQ,C-DZQ
C00B79,C-FEIY,C-EIY
C00C68,C-FESD,C-ESD
C00D5F,C-FFBQ,C-FBQ
C00E2C,C-FFJN,C-FJN
C00E88,C-FFNB,C-FNB
C00ED1,C-FFPW,C-FPW
C00F09,C-FFSA,C-FSA
C043B4,C-FZB4,C-FZQP
C050C4,C050C4,C-GEPF
C012B3,C-FHCC,C-HCC
C01325,C-FHGM,C-HGM
C01357,C-FHIK,C-HIK
C0142E,C-FHQR,C-HQR
C015E3,C-FIHM,C-IHM
C01700,C-FISL,C-ISL
C01926,C-FJNP,C-JNP
C01949,C-FJOY,C-JOY
C019F4,C-FJVN,C-JVN
C01A2D,C-FJXS,C-JXS
C01ABD,C-FKDG,C-KDG
C01B93,C-FKLM,C-KLM
C01E3C,C-FLLR,C-LLR
C01E76,C-FLNX,C-LNX
C01EE2,C-FLSB,C-LSB
C02124,C-FMOH,C-MOH
C02135,C-FMOY,C-MOY
C021E4,C-FMVR,C-MVR
C021FF,C-FMWS,C-MWS
C027E3,C-FPCS,C-PCS
C02805,C-FPEA,C-PEA
C0286E,C-FPIB,C-PIB
C028B1,C-FPKQ,C-PKQ
C028BE,C-FPLD,C-PLD
C02C39,C-FQTK,C-QTK
C02D29,C-FRCQ,C-RCQ
C02E74,C-FRPJ,C-RPJ
C0325B,C-FTBU,C-TBU
C032B5,C-FTFG,C-TFG
C0341B,C-FTTA,C-TTA
C0359D,C-FUHW,C-UHW
C037A6,C-FVBX,C-VBX
C03927,C-FVQS,C-VQS
C039FC,C-FVYX,C-VYX
C03A08,C-FVZJ,C-VZJ
C03B17,C-FWJU,C-WJU
C03C9B,C-FWYS,C-WYS
C03CB3,C-FWZQ,C-WZQ
C03EEF,C-FXVQ,C-XVQ
C04108,C-FYQH,C-YQH
C0413A,C-FYSF,C-YSF
C0437C,C-FZOL,C-ZOL
C04452,C-FZWR,C-ZWR
C0005B,C-FADM,C-ADM
C001B4,C-FAQT,C-AQT
C00311,C-FBEE,C-BEE
C0031A,C-FBEN,C-BEN
C0036F,C-FBHU,C-BHU
C00385,C-FBIQ,C-BIQ
C003B5,C-FBKM,C-BKM
C003F9,C-FBNC,C-BNC
C00412,C-FBOB,C-BOB
C00462,C-FBRD,C-BRD
C004C1,C-FBUU,C-BUU
C00517,C-FBYC,C-BYC
C00527,C-FBYS,C-BYS
C0063C,C-FCJJ,C-CJJ
C0084C,C-FDDR,C-DDR
C009BD,C-FDRW,C-DRW
C009FE,C-FDUJ,C-DUJ
C00AA0,C-FEAP,C-EAP
C00B0D,C-FEEU,C-EEU
C00B24,C-FEFR,C-EFR
C00BE7,C-FENE,C-ENE
C00ED5,C-FFQA,C-FQA
C00F9A,C-FFXP,C-FXP
C0125E,C-FGYV,C-GYV
C012C8,C-FHCX,C-HCX
C013C6,C-FHMR,C-HMR
C01550,C-FIBV,C-IBV
C015F4,C-FIID,C-IID
C01626,C-FIKB,C-IKB
C0173C,C-FIUT,C-IUT
C01793,C-FIYC,C-IYC
C018B2,C-FJJD,C-JJD
C0191B,C-FJNE,C-JNE
C01928,C-FJNR,C-JNR
C01950,C-FJPF,C-JPF
C01965,C-FJQA,C-JQA
C01A0A,C-FJWJ,C-JWJ
C01A1D,C-FJXC,C-JXC
C01A5F,C-FJZQ,C-JZQ
C01B35,C-FKHW,C-KHW
C01CFF,C-FKZM,C-KZM
C01D02,C-FKZP,C-KZP
C01D46,C-FLCF,C-LCF
C01F44,C-FLVV,C-LVV
C022D2,C-FNEV,C-NEV
C02329,C-FNIE,C-NIE
C02439,C-FNSQ,C-NSQ
C0257D,C-FOFC,C-OFC
C02700,C-FOTZ,C-OTZ
C02A17,C-FPYK,C-PYK
C02B88,C-FQMP,C-QMP
C02BFB,C-FQRA,C-QRA
C02CEA,C-FRAF,C-RAF
C02D93,C-FRGS,C-RGS
C02E21,C-FRME,C-RME
C02E83,C-FRPY,C-RPY
C02F1E,C-FRVX,C-RVX
C03027,C-FSGC,C-SGC
C03056,C-FSHX,C-SHX
C03218,C-FSZF,C-SZF
C033E0,C-FTQT,C-TQT
C0346B,C-FTWC,C-TWC
C034B8,C-FTZB,C-TZB
C0351B,C-FUCW,C-UCW
C0379C,C-FVBN,C-VBN
C037A9,C-FVCA,C-VCA
C0386A,C-FVJL,C-VJL
C038A6,C-FVLT,C-VLT
C03C30,C-FWUP,C-WUP
C03F13,C-FXXA,C-XXA
C0415C,C-FYTN,C-YTN
C042B5,C-FZGU,C-ZGU
C042C6,C-FZHL,C-ZHL
C042EE,C-FZIZ,C-ZIZ
C04411,C-FZUE,C-ZUE
C003FE,C-FBNH,C-BNH
C005D3,C-FCFI,C-CFI
C00759,C-FCUI,C-CUI
C00873,C-FDFE,C-DFE
C0088F,C-FDGG,C-DGG
C00892,C-FDGJ,C-DGJ
C008D0,C-FDIT,C-DIT
C008E3,C-FDJM,C-DJM
C00AB8,C-FEBN,C-EBN
C00AD5,C-FECQ,C-ECQ
C00AE7,C-FEDI,C-EDI
C00B0C,C-FEET,C-EET
C00D87,C-FFDE,C-FDE
C00FC6,C-FFZH,C-FZH
C01045,C-FGEE,C-GEE
C0106F,C-FGFU,C-GFU
C010A4,C-FGHV,C-GHV
C0127B,C-FGZY,C-GZY
C012C2,C-FHCR,C-HCR
C01321,C-FHGI,C-HGI
C01364,C-FHIX,C-HIX
C014F7,C-FHYK,C-HYK
C016D9,C-FIQY,C-IQY
C017A2,C-FIYR,C-IYR
C01A38,C-FJYD,C-JYD
C01C8D,C-FKVC,C-KVC
C01DB5,C-FLGM,C-LGM
C01DD5,C-FLHS,C-LHS
C01F36,C-FLVH,C-LVH
C020A1,C-FMJG,C-MJG
C02171,C-FMRG,C-MRG
C021DF,C-FMVM,C-MVM
C022F7,C-FNGG,C-NGG
C0232C,C-FNIH,C-NIH
C0242E,C-FNSF,C-NSF
C025C8,C-FOHZ,C-OHZ
C02AF7,C-FQHA,C-QHA
C02C65,C-FQVC,C-QVC
C02CBC,C-FQYL,C-QYL
C02E35,C-FRMY,C-RMY
C02E51,C-FROA,C-ROA
C02F31,C-FRWQ,C-RWQ
C03134,C-FSQL,C-SQL
C0326F,C-FTCO,C-TCO
C0347C,C-FTWT,C-TWT
C034CB,C-FTZU,C-TZU
C0356D,C-FUGA,C-UGA
C03619,C-FUMQ,C-UMQ
C03623,C-FUNA,C-UNA
C036CC,C-FUTN,C-UTN
C03784,C-FVAP,C-VAP
C037FD,C-FVFG,C-VFG
C03827,C-FVGW,C-VGW
C03849,C-FVIE,C-VIE
C03856,C-FVIR,C-VIR
C03895,C-FVLC,C-VLC
C03908,C-FVPN,C-VPN
C0399A,C-FVVD,C-VVD
C03A3F,C-FWBM,C-WBM
C03A41,C-FWBO,C-WBO
C03A53,C-FWCG,C-WCG
C03B14,C-FWJR,C-WJR
C03BAF,C-FWPQ,C-WPQ
C03C6F,C-FWXA,C-WXA
C03D18,C-FXDN,C-XDN
C03D74,C-FXHB,C-XHB
C03D9E,C-FXIR,C-XIR
C03F68,C-FYAH,C-YAH
C03FDA,C-FYER,C-YER
C0403A,C-FYIJ,C-YIJ
C04073,C-FYKO,C-YKO
C0421C,C-FZAX,C-ZAX
C04270,C-FZED,C-ZED
C04288,C-FZFB,C-ZFB
C042A2,C-FZGB,C-ZGB
C042B4,C-FZGT,C-ZGT
C04338,C-FZLV,C-ZLV
C04445,C-FZWE,C-ZWE
C0444E,C-FZWN,C-ZWN
C04466,C-FZXL,C-ZXL
C00216,C-FAUN,C-AUN
C00268,C-FAXR,C-AXR
C00356,C-FBGV,C-BGV
C00569,C-FCBG,C-CBG
C0065D,C-FCKQ,C-CKQ
C0068B,C-FCMK,C-CMK
C006BB,C-FCOG,C-COG
C0082A,C-FDCJ,C-DCJ
C00854,C-FDDZ,C-DDZ
C00875,C-FDFG,C-DFG
C009A8,C-FDRB,C-DRB
C00A2E,C-FDWF,C-DWF
C00A48,C-FDXF,C-DXF
C00C76,C-FESR,C-ESR
C00DD8,C-FFGH,C-FGH
C00FCD,C-FFZO,C-FZO
C0105A,C-FGEZ,C-GEZ
C0109C,C-FGHN,C-GHN
C0112B,C-FGNA,C-GNA
C01199,C-FGRG,C-GRG
C011B4,C-FGSH,C-GSH
C012FB,C-FHEW,C-HEW
C0145C,C-FHSL,C-HSL
C0146F,C-FHTE,C-HTE
C01599,C-FIEQ,C-IEQ
C01984,C-FJRF,C-JRF
C01C71,C-FKUA,C-KUA
C01C7B,C-FKUK,C-KUK
C01CB5,C-FKWQ,C-KWQ
C01D0A,C-FKZX,C-KZX
C01E2F,C-FLLE,C-LLE
C01FF6,C-FMCR,C-MCR
C020D8,C-FMLJ,C-MLJ
C02131,C-FMOU,C-MOU
C02132,C-FMOV,C-MOV
C021D8,C-FMVF,C-MVF
C024AC,C-FNXB,C-NXB
C025D9,C-FOIQ,C-OIQ
C025EB,C-FOJI,C-OJI
C0273B,C-FOWG,C-OWG
C0279D,C-FPAA,C-PAA
C02C15,C-FQSA,C-QSA
C02D6D,C-FRFG,C-RFG
C02EF9,C-FRUM,C-RUM
C03183,C-FSTM,C-STM
C03252,C-FTBL,C-TBL
C0325E,C-FTBX,C-TBX
C0327D,C-FTDC,C-TDC
C0329C,C-FTEH,C-TEH
C03469,C-FTWA,C-TWA
C0365E,C-FUPH,C-UPH
C037C2,C-FVCZ,C-VCZ
C0381C,C-FVGL,C-VGL
C03872,C-FVJT,C-VJT
C03A7D,C-FWDW,C-WDW
C03A82,C-FWEB,C-WEB
C03ACB,C-FWGW,C-WGW
C03D4C,C-FXFN,C-XFN
C03DCA,C-FXKJ,C-XKJ
C03DE8,C-FXLN,C-XLN
C03ED6,C-FXUR,C-XUR
C03F04,C-FXWL,C-XWL
C0429B,C-FZFU,C-ZFU
C0434A,C-FZMN,C-ZMN
C000DD,C-FAIM,C-AIM
C002C4,C-FBBF,C-BBF
C0046F,C-FBRQ,C-BRQ
C005BF,C-FCEO,C-CEO
C00615,C-FCHW,C-CHW
C007D2,C-FCYZ,C-CYZ
C007E9,C-FCZW,C-CZW
C00916,C-FDLL,C-DLL
C00AE9,C-FEDK,C-EDK
C00BC7,C-FELY,C-ELY
C00E13,C-FFIO,C-FIO
C00F98,C-FFXN,C-FXN
C010A5,C-FGHW,C-GHW
C010B9,C-FGIQ,C-GIQ
C011FD,C-FGVC,C-GVC
C01211,C-FGVW,C-GVW
C0191F,C-FJNI,C-JNI
C01C44,C-FKSH,C-KSH
C01CDF,C-FKYG,C-KYG
C02012,C-FMDT,C-MDT
C024F6,C-FNZX,C-NZX
C0262D,C-FOLW,C-OLW
C02716,C-FOUV,C-OUV
C02847,C-FPGO,C-PGO
C029A8,C-FPUD,C-PUD
C02B05,C-FQHO,C-QHO
C02C6F,C-FQVM,C-QVM
C02C8E,C-FQWR,C-QWR
C02DD9,C-FRJK,C-RJK
C02E8A,C-FRQF,C-RQF
C02F85,C-FRZW,C-RZW
C02FF4,C-FSED,C-SED
C02FFA,C-FSEJ,C-SEJ
C03043,C-FSHE,C-SHE
C030F5,C-FSOA,C-SOA
C031A3,C-FSUS,C-SUS
C031DE,C-FSWZ,C-SWZ
C03209,C-FSYQ,C-SYQ
C03412,C-FTSR,C-TSR
C0342A,C-FTTP,C-TTP
C03679,C-FUQI,C-UQI
C036E2,C-FUUJ,C-UUJ
C038C5,C-FVMY,C-VMY
C03929,C-FVQU,C-VQU
C03AFE,C-FWIV,C-WIV
C03B6A,C-FWMZ,C-WMZ
C03B98,C-FWOT,C-WOT
C03C46,C-FWVL,C-WVL
C03C87,C-FWXY,C-WXY
C03C99,C-FWYQ,C-WYQ
C03D26,C-FXEB,C-XEB
C0407A,C-FYKV,C-YKV
C040C4,C-FYNR,C-YNR
C04388,C-FZOX,C-ZOX
C04398,C-FZPN,C-ZPN
C043F4,C-FZTB,C-ZTB
C043FF,C-FZTM,C-ZTM
C0447A,C-FZYF,C-ZYF
C00034,C-FABZ,C-ABZ
C00164,C-FANR,C-ANR
C0034A,C-FBGJ,C-BGJ
C00391,C-FBJC,C-BJC
C0048E,C-FBSV,C-BSV
C00508,C-FBXN,C-BXN
C00579,C-FCBW,C-CBW
C00644,C-FCJR,C-CJR
C007A4,C-FCXF,C-CXF
C0094C,C-FDNN,C-DNN
C0098D,C-FDQA,C-DQA
C00A4E,C-FDXL,C-DXL
C00A89,C-FDZS,C-DZS
C00BA4,C-FEKP,C-EKP
C00E28,C-FFJJ,C-FJJ
C00FA4,C-FFXZ,C-FXZ
C0108C,C-FGGX,C-GGX
C01337,C-FHHE,C-HHE
C01362,C-FHIV,C-HIV
C0156C,C-FICX,C-ICX
C0157F,C-FIDQ,C-IDQ
C01592,C-FIEJ,C-IEJ
C01654,C-FILV,C-ILV
C01740,C-FIUX,C-IUX
C018F9,C-FJLW,C-JLW
C01900,C-FJMD,C-JMD
C0194E,C-FJPD,C-JPD
C01AD1,C-FKEA,C-KEA
C01D3B,C-FLBU,C-LBU
C01D80,C-FLEL,C-LEL
C021E9,C-FMVW,C-MVW
C02426,C-FNRX,C-NRX
C025A2,C-FOGN,C-OGN
C025F4,C-FOJR,C-OJR
C02869,C-FPHW,C-PHW
C02964,C-FPRN,C-PRN
C02990,C-FPTF,C-PTF
C02D08,C-FRBJ,C-RBJ
C02E2D,C-FRMQ,C-RMQ
C02E95,C-FRQQ,C-RQQ
C02EB0,C-FRRR,C-RRR
C0306A,C-FSIR,C-SIR
C03108,C-FSOT,C-SOT
C0317A,C-FSTD,C-STD
C031A9,C-FSUY,C-SUY
C0322B,C-FSZY,C-SZY
C0329D,C-FTEI,C-TEI
C033A1,C-FTOI,C-TOI
C034A8,C-FTYL,C-TYL
C0356E,C-FUGB,C-UGB
C035D5,C-FUKA,C-UKA
C036C9,C-FUTK,C-UTK
C037E9,C-FVEM,C-VEM
C03C4A,C-FWVP,C-WVP
C03C7E,C-FWXP,C-WXP
C03C8D,C-FWYE,C-WYE
C03DFF,C-FXMK,C-XMK
C03E6B,C-FXQO,C-XQO
C0401C,C-FYHF,C-YHF
C040F3,C-FYPM,C-YPM
C04106,C-FYQF,C-YQF
C04286,C-FZEZ,C-ZEZ
C042C3,C-FZHI,C-ZHI
C0436A,C-FZNT,C-ZNT
C00160,C-FANN,C-ANN
C0033E,C-FBFX,C-BFX
C008FF,C-FDKO,C-DKO
C00937,C-FDMS,C-DMS
C009DF,C-FDTE,C-DTE
C00B3B,C-FEGO,C-EGO
C00C09,C-FEOM,C-EOM
C00C5C,C-FERR,C-ERR
C00D2D,C-FEZS,C-EZS
C00D9A,C-FFDX,C-FDX
C00EF9,C-FFRK,C-FRK
C011DB,C-FGTU,C-GTU
C011E6,C-FGUF,C-GUF
C012A4,C-FHBN,C-HBN
C01304,C-FHFF,C-HFF
C0142A,C-FHQN,C-HQN
C014A4,C-FHVF,C-HVF
C01521,C-FIAA,C-IAA
C016A7,C-FIPA,C-IPA
C016FE,C-FISJ,C-ISJ
C019CB,C-FJTY,C-JTY
C01E54,C-FLMP,C-LMP
C01E5C,C-FLMX,C-LMX
C01F24,C-FLUP,C-LUP
C0201A,C-FMEB,C-MEB
C021EF,C-FMWC,C-MWC
C0266F,C-FOOK,C-OOK
C02740,C-FOWL,C-OWL
C027F1,C-FPDG,C-PDG
C02C2B,C-FQSW,C-QSW
C02D48,C-FRDV,C-RDV
C02D90,C-FRGP,C-RGP
C02E7E,C-FRPT,C-RPT
C02EF7,C-FRUK,C-RUK
C02F17,C-FRVQ,C-RVQ
C03036,C-FSGR,C-SGR
C030B6,C-FSLP,C-SLP
C034C0,C-FTZJ,C-TZJ
C035D0,C-FUJV,C-UJV
C03818,C-FVGH,C-VGH
C0397B,C-FVTY,C-VTY
C03A4E,C-FWCB,C-WCB
C03AD8,C-FWHJ,C-WHJ
C03CF6,C-FXCF,C-XCF
C03D04,C-FXCT,C-XCT
C03D51,C-FXFS,C-XFS
C03F49,C-FXZC,C-XZC
C040E2,C-FYOV,C-YOV
C0420A,C-FZAF,C-ZAF
C04232,C-FZBT,C-ZBT
C04302,C-FZJT,C-ZJT
C04322,C-FZKZ,C-ZKZ
C00060,C-FADR,C-ADR
C00137,C-FALY,C-ALY
C00244,C-FAWH,C-AWH
C0026C,C-FAXV,C-AXV
C003A1,C-FBJS,C-BJS
C003FB,C-FBNE,C-BNE
C0053F,C-FBZQ,C-BZQ
C00546,C-FBZX,C-BZX
C005AC,C-FCDV,C-CDV
C0069E,C-FCND,C-CND
C00779,C-FCVO,C-CVO
C0087E,C-FDFP,C-DFP
C00908,C-FDKX,C-DKX
C009A1,C-FDQU,C-DQU
C00A08,C-FDUT,C-DUT
C00A17,C-FDVI,C-DVI
C00AC3,C-FEBY,C-EBY
C00B77,C-FEIW,C-EIW
C00CFA,C-FEXT,C-EXT
C00D5C,C-FFBN,C-FBN
C00A57,C-FXDU,C-FDXU
C00FA0,C-FFXV,C-FXV
C0107F,C-FGGK,C-GGK
C01160,C-FGPB,C-GPB
C083E8,C-GYXT,C-GXYT
C012BF,C-FHCO,C-HCO
C0132C,C-FHGT,C-HGT
C0143D,C-FHRG,C-HRG
C01446,C-FHRP,C-HRP
C014F0,C-FHYD,C-HYD
C015CD,C-FIGQ,C-IGQ
C01643,C-FILE,C-ILE
C016CB,C-FIQK,C-IQK
C016FA,C-FISF,C-ISF
C0179E,C-FIYN,C-IYN
C0181D,C-FJDK,C-JDK
C018BB,C-FJJM,C-JJM
C0194A,C-FJOZ,C-JOZ
C01951,C-FJPG,C-JPG
C01A8C,C-FKBJ,C-KBJ
C01C7D,C-FKUM,C-KUM
C01C9E,C-FKVT,C-KVT
C01D52,C-FLCR,C-LCR
C01E9F,C-FLPM,C-LPM
C02030,C-FMEX,C-MEX
C0216F,C-FMRE,C-MRE
C0224B,C-FMZQ,C-MZQ
C023B0,C-FNNJ,C-NNJ
C024F4,C-FNZV,C-NZV
C025E3,C-FOJA,C-OJA
C026D4,C-FOSH,C-OSH
C02733,C-FOVY,C-OVY
C02BD8,C-FQPR,C-QPR
C02C82,C-FQWF,C-QWF
C02DBA,C-FRIF,C-RIF
C02E2C,C-FRMP,C-RMP
C02E63,C-FROS,C-ROS
C030A3,C-FSKW,C-SKW
C030D6,C-FSMV,C-SMV
C031A2,C-FSUR,C-SUR
C0346A,C-FTWB,C-TWB
C0365D,C-FUPG,C-UPG
C0382B,C-FVHA,C-VHA
C03850,C-FVIL,C-VIL
C03883,C-FVKK,C-VKK
C0390B,C-FVPQ,C-VPQ
C03924,C-FVQP,C-VQP
C03978,C-FVTV,C-VTV
C03995,C-FVUY,C-VUY
C039B6,C-FVWF,C-VWF
C03A36,C-FWBD,C-WBD
C03BA6,C-FWPH,C-WPH
C03C95,C-FWYM,C-WYM
C03D02,C-FXCR,C-XCR
C03D3D,C-FXEY,C-XEY
C03FB5,C-FYDG,C-YDG
C040EE,C-FYPH,C-YPH
C04241,C-FZCI,C-ZCI
C042AA,C-FZGJ,C-ZGJ
C042FC,C-FZJN,C-ZJN
C04431,C-FZVK,C-ZVK
C0000E,C-FAAN,C-AAN
C0001B,C-FABA,C-ABA
C000AE,C-FAGR,C-AGR
C000DA,C-FAIJ,C-AIJ
C000E5,C-FAIU,C-AIU
C00260,C-FAXJ,C-AXJ
C00277,C-FAYG,C-AYG
C00284,C-FAYT,C-AYT
C004FB,C-FBXA,C-BXA
C005E1,C-FCFW,C-CFW
C00765,C-FCUU,C-CUU
C008C7,C-FDIK,C-DIK
C008D4,C-FDIX,C-DIX
C00A54,C-FDXR,C-DXR
C00B83,C-FEJI,C-EJI
C00BAD,C-FEKY,C-EKY
C00C05,C-FEOI,C-EOI
C00C08,C-FEOL,C-EOL
C00D60,C-FFBR,C-FBR
C00EDE,C-FFQJ,C-FQJ
C00F5A,C-FFVD,C-FVD
C0100E,C-FGCB,C-GCB
C05067,C05067,C-GELQ
C05086,C05086,C-GEMV
C010ED,C-FGKQ,C-GKQ
C01105,C-FGLO,C-GLO
C01144,C-FGNZ,C-GNZ
C011E1,C-FGUA,C-GUA
C012D3,C-FHDI,C-HDI
C013A5,C-FHLK,C-HLK
C01457,C-FHSG,C-HSG
C014AE,C-FHVP,C-HVP
C01579,C-FIDK,C-IDK
C0161A,C-FIJP,C-IJP
C01718,C-FITJ,C-ITJ
C018A6,C-FJIR,C-JIR
C01923,C-FJNM,C-JNM
C0197D,C-FJQY,C-JQY
C019A3,C-FJSK,C-JSK
C019F7,C-FJVQ,C-JVQ
C01ABC,C-FKDF,C-KDF
C01B02,C-FKFX,C-KFX
C01C25,C-FKRC,C-KRC
C01D84,C-FLEP,C-LEP
C01E80,C-FLOH,C-LOH
C01F55,C-FLWM,C-LWM
C01F77,C-FLXU,C-LXU
C01F7C,C-FLXZ,C-LXZ
C020C2,C-FMKN,C-MKN
C020EF,C-FMMG,C-MMG
C021F7,C-FMWK,C-MWK
C023E3,C-FNPI,C-NPI
C027CC,C-FPBV,C-PBV
C028F3,C-FPNE,C-PNE
C029C2,C-FPVD,C-PVD
C02BB3,C-FQOG,C-QOG
C02C07,C-FQRM,C-QRM
C02D67,C-FRFA,C-RFA
C02EC5,C-FRSM,C-RSM
C02EF1,C-FRUE,C-RUE
C03014,C-FSFJ,C-SFJ
C0311D,C-FSPO,C-SPO
C034A4,C-FTYH,C-TYH
C036AB,C-FUSG,C-USG
C038ED,C-FVOM,C-VOM
C039CF,C-FVXE,C-VXE
C039F3,C-FVYO,C-VYO
C03AA8,C-FWFN,C-WFN
C03ADA,C-FWHL,C-WHL
C03C88,C-FWXZ,C-WXZ
C03C94,C-FWYL,C-WYL
C03DE6,C-FXLL,C-XLL
C03F92,C-FYBX,C-YBX
C040DC,C-FYOP,C-YOP
C041F8,C-FYZN,C-YZN
C04354,C-FZMX,C-ZMX
C043B5,C-FZQQ,C-ZQQ
C04424,C-FZUX,C-ZUX
C002D6,C-FBBX,C-BBX
C00437,C-FBPM,C-BPM
C00504,C-FBXJ,C-BXJ
C0063F,C-FCJM,C-CJM
C00758,C-FCUH,C-CUH
C0079E,C-FCWZ,C-CWZ
C0081F,C-FDBY,C-DBY
C00A72,C-FDYV,C-DYV
C00B44,C-FEGX,C-EGX
C00E56,C-FFLD,C-FLD
C00F22,C-FFSZ,C-FSZ
C00FAA,C-FFYF,C-FYF
C00FDF,C-FGAG,C-GAG
C01029,C-FGDC,C-GDC
C011A3,C-FGRQ,C-GRQ
C01289,C-FHAM,C-HAM
C0154D,C-FIBS,C-IBS
C015E7,C-FIHQ,C-IHQ
C01835,C-FJEI,C-JEI
C01A89,C-FKBG,C-KBG
C01B3A,C-FKIB,C-KIB
C01BA8,C-FKMH,C-KMH
C01C57,C-FKTA,C-KTA
C01E01,C-FLJK,C-LJK
C01E6B,C-FLNM,C-LNM
C02033,C-FMFA,C-MFA
C0212C,C-FMOP,C-MOP
C02140,C-FMPJ,C-MPJ
C021E1,C-FMVO,C-MVO
C02387,C-FNLU,C-NLU
C025CE,C-FOIF,C-OIF
C026ED,C-FOTG,C-OTG
C027FB,C-FPDQ,C-PDQ
C02811,C-FPEM,C-PEM
C029CA,C-FPVL,C-PVL
C02B67,C-FQLI,C-QLI
C02C85,C-FQWI,C-QWI
C02CFB,C-FRAW,C-RAW
C02D0B,C-FRBM,C-RBM
C02DBD,C-FRII,C-RII
C03015,C-FSFK,C-SFK
C0317F,C-FSTI,C-STI
C0325F,C-FTBY,C-TBY
C03347,C-FTKW,C-TKW
C0341F,C-FTTE,C-TTE
C03481,C-FTWY,C-TWY
C034C3,C-FTZM,C-TZM
C03681,C-FUQQ,C-UQQ
C036D5,C-FUTW,C-UTW
C038C4,C-FVMX,C-VMX
C03ABE,C-FWGJ,C-WGJ
C03B6D,C-FWNC,C-WNC
C03DBF,C-FXJY,C-XJY
C03DD2,C-FXKR,C-XKR
C03DF3,C-FXLY,C-XLY
C03DF6,C-FXMB,C-XMB
C03E65,C-FXQI,C-XQI
C03E68,C-FXQL,C-XQL
C04050,C-FYJF,C-YJF
C040E6,C-FYOZ,C-YOZ
C040F0,C-FYPJ,C-YPJ
C040F7,C-FYPQ,C-YPQ
C04158,C-FYTJ,C-YTJ
C04195,C-FYVS,C-YVS
C04226,C-FZBH,C-ZBH
C043C1,C-FZRC,C-ZRC
C00226,C-FAVD,C-AVD
C0025C,C-FAXF,C-AXF
C00493,C-FBTA,C-BTA
C00784,C-FCVZ,C-CVZ
C007F8,C-FDAL,C-DAL
C00C45,C-FEQU,C-EQU
C00E1A,C-FFIV,C-FIV
C00E2E,C-FFJP,C-FJP
C00E71,C-FFME,C-FME
C01044,C-FGED,C-GED
C01055,C-FGEU,C-GEU
C010C4,C-FGJB,C-GJB
C010CA,C-FGJH,C-GJH
C0115F,C-FGPA,C-GPA
C01263,C-FGZA,C-GZA
C0129F,C-FHBI,C-HBI
C012A3,C-FHBM,C-HBM
C0134A,C-FHHX,C-HHX
C0144B,C-FHRU,C-HRU
C015DC,C-FIHF,C-IHF
C0176C,C-FIWP,C-IWP
C01844,C-FJEX,C-JEX
C01866,C-FJGF,C-JGF
C019D8,C-FJUL,C-JUL
C01C37,C-FKRU,C-KRU
C01CDD,C-FKYE,C-KYE
C01DB9,C-FLGQ,C-LGQ
C02081,C-FMIA,C-MIA
C021D7,C-FMVE,C-MVE
C0220B,C-FMXE,C-MXE
C022A9,C-FNDG,C-NDG
C0236A,C-FNKR,C-NKR
C023C4,C-FNOD,C-NOD
C0243B,C-FNSS,C-NSS
C027BD,C-FPBG,C-PBG
C02A79,C-FQCE,C-QCE
C02B0C,C-FQHV,C-QHV
C02B0E,C-FQHX,C-QHX
C02B19,C-FQII,C-QII
C02B83,C-FQMK,C-QMK
C02C2D,C-FQSY,C-QSY
C02CCF,C-FQZE,C-QZE
C02CFD,C-FRAY,C-RAY
C02D9C,C-FRHB,C-RHB
C02E6D,C-FRPC,C-RPC
C02EB3,C-FRRU,C-RRU
C02EDD,C-FRTK,C-RTK
C02F0E,C-FRVH,C-RVH
C0309C,C-FSKP,C-SKP
C031E2,C-FSXD,C-SXD
C03263,C-FTCC,C-TCC
C0328C,C-FTDR,C-TDR
C032C8,C-FTFZ,C-TFZ
C033DD,C-FTQQ,C-TQQ
C033F0,C-FTRJ,C-TRJ
C034A3,C-FTYG,C-TYG
C036CB,C-FUTM,C-UTM
C036F0,C-FUUX,C-UUX
C03807,C-FVFQ,C-VFQ
C03837,C-FVHM,C-VHM
C0385E,C-FVIZ,C-VIZ
C03878,C-FVJZ,C-VJZ
C038E2,C-FVOB,C-VOB
C0394A,C-FVSB,C-VSB
C0395B,C-FVSS,C-VSS
C03AD3,C-FWHE,C-WHE
C03AEC,C-FWID,C-WID
C03B4A,C-FWLT,C-WLT
C03CD4,C-FXAX,C-XAX
C03DD3,C-FXKS,C-XKS
C03FC0,C-FYDR,C-YDR
C03FF9,C-FYFW,C-YFW
C0406C,C-FYKH,C-YKH
C04094,C-FYLV,C-YLV
C040D1,C-FYOE,C-YOE
C04182,C-FYUZ,C-YUZ
C0431A,C-FZKR,C-ZKR
C002D7,C-FBBY,C-BBY
C003E4,C-FBMH,C-BMH
C003F3,C-FBMW,C-BMW
C0040C,C-FBNV,C-BNV
C00423,C-FBOS,C-BOS
C004C5,C-FBUY,C-BUY
C0056F,C-FCBM,C-CBM
C00697,C-FCMW,C-CMW
C0085D,C-FDEI,C-DEI
C0088E,C-FDGF,C-DGF
C0091B,C-FDLQ,C-DLQ
C00974,C-FDPB,C-DPB
C00A21,C-FDVS,C-DVS
C00AC9,C-FECE,C-ECE
C00AEB,C-FEDM,C-EDM
C00BE1,C-FEMY,C-EMY
C00C07,C-FEOK,C-EOK
C00DAA,C-FFEN,C-FEN
C00E70,C-FFMD,C-FMD
C00ECA,C-FFPP,C-FPP
C00ED4,C-FFPZ,C-FPZ
C00F53,C-FFUW,C-FUW
C01008,C-FGBV,C-GBV
C0100C,C-FGBZ,C-GBZ
C011F7,C-FGUW,C-GUW
C01201,C-FGVG,C-GVG
C0124A,C-FGYB,C-GYB
C0124F,C-FGYG,C-GYG
C015F5,C-FIIE,C-IIE
C016F9,C-FISE,C-ISE
C01720,C-FITR,C-ITR
C01797,C-FIYG,C-IYG
C0198D,C-FJRO,C-JRO
C019ED,C-FJVG,C-JVG
C01DC1,C-FLGY,C-LGY
C01DC9,C-FLHG,C-LHG
C01EBF,C-FLQS,C-LQS
C02053,C-FMGG,C-MGG
C02091,C-FMIQ,C-MIQ
C020F8,C-FMMP,C-MMP
C0216B,C-FMRA,C-MRA
C0236D,C-FNKU,C-NKU
C026F2,C-FOTL,C-OTL
C0272B,C-FOVQ,C-OVQ
C02845,C-FPGM,C-PGM
C0291A,C-FPOR,C-POR
C02A23,C-FPYW,C-PYW
C02A94,C-FQDF,C-QDF
C02B6E,C-FQLP,C-QLP
C02BC3,C-FQOW,C-QOW
C02C9F,C-FQXI,C-QXI
C02E8B,C-FRQG,C-RQG
C02EA7,C-FRRI,C-RRI
C02EA9,C-FRRK,C-RRK
C030A1,C-FSKU,C-SKU
C0322D,C-FTAA,C-TAA
C0328D,C-FTDS,C-TDS
C032C1,C-FTFS,C-TFS
C0333A,C-FTKJ,C-TKJ
C0356C,C-FUFZ,C-UFZ
C03603,C-FULU,C-ULU
C03633,C-FUNQ,C-UNQ
C03657,C-FUPA,C-UPA
C0365C,C-FUPF,C-UPF
C03803,C-FVFM,C-VFM
C03833,C-FVHI,C-VHI
C03913,C-FVPY,C-VPY
C039CB,C-FVXA,C-VXA
C03C08,C-FWTB,C-WTB
C03C83,C-FWXU,C-WXU
C03C8A,C-FWYB,C-WYB
C03F44,C-FXYX,C-XYX
C03FE5,C-FYFC,C-YFC
C04165,C-FYTW,C-YTW
C041F2,C-FYZH,C-YZH
C0420E,C-FZAJ,C-ZAJ
C04385,C-FZOU,C-ZOU
C04498,C-FZZJ,C-ZZJ
C00025,C-FABK,C-ABK
C000D5,C-FAIE,C-AIE
C002D8,C-FBBZ,C-BBZ
C00481,C-FBSI,C-BSI
C0048C,C-FBST,C-BST
C005CB,C-FCFA,C-CFA
C006F6,C-FCQN,C-CQN
C0076D,C-FCVC,C-CVC
C0078A,C-FCWF,C-CWF
C0083C,C-FDDB,C-DDB
C009FF,C-FDUK,C-DUK
C00B67,C-FEIG,C-EIG
C00E57,C-FFLE,C-FLE
C01262,C-FGYZ,C-GYZ
C0133D,C-FHHK,C-HHK
C01366,C-FHIZ,C-HIZ
C01482,C-FHTX,C-HTX
C0160F,C-FIJE,C-IJE
C0166E,C-FIMV,C-IMV
C017A8,C-FIYX,C-IYX
C01813,C-FJDA,C-JDA
C0187D,C-FJHC,C-JHC
C01C3F,C-FKSC,C-KSC
C01C51,C-FKSU,C-KSU
C01D7F,C-FLEK,C-LEK
C01F22,C-FLUN,C-LUN
C02225,C-FMYE,C-MYE
C02349,C-FNJK,C-NJK
C02362,C-FNKJ,C-NKJ
C0263C,C-FOML,C-OML
C026A7,C-FOQO,C-OQO
C026BD,C-FORK,C-ORK
C02AB9,C-FQEQ,C-QEQ
C02C0A,C-FQRP,C-QRP
C02D25,C-FRCM,C-RCM
C02D5B,C-FREO,C-REO
C02D92,C-FRGR,C-RGR
C02EDE,C-FRTL,C-RTL
C0303A,C-FSGV,C-SGV
C030DA,C-FSMZ,C-SMZ
C030F6,C-FSOB,C-SOB
C0313A,C-FSQR,C-SQR
C031CF,C-FSWK,C-SWK
C032C0,C-FTFR,C-TFR
C03332,C-FTKB,C-TKB
C033BC,C-FTPJ,C-TPJ
C0358B,C-FUHE,C-UHE
C03676,C-FUQF,C-UQF
C036EB,C-FUUS,C-UUS
C03708,C-FUVV,C-UVV
C03717,C-FUWK,C-UWK
C03794,C-FVBF,C-VBF
C03999,C-FVVC,C-VVC
C03B0A,C-FWJH,C-WJH
C03C19,C-FWTS,C-WTS
C03C5B,C-FWWG,C-WWG
C03E42,C-FXOZ,C-XOZ
C03F36,C-FXYJ,C-XYJ
C0408A,C-FYLL,C-YLL
C0415B,C-FYTM,C-YTM
C04183,C-FYVA,C-YVA
C0420B,C-FZAG,C-ZAG
C043CA,C-FZRL,C-ZRL
C0442F,C-FZVI,C-ZVI
C00173,C-FAOG,C-AOG
C0033A,C-FBFT,C-BFT
C003AF,C-FBKG,C-BKG
C004A0,C-FBTN,C-BTN
C00511,C-FBXW,C-BXW
C00624,C-FCIL,C-CIL
C00652,C-FCKF,C-CKF
C0069F,C-FCNE,C-CNE
C007B8,C-FCXZ,C-CXZ
C007BA,C-FCYB,C-CYB
C00A83,C-FDZM,C-DZM
C00B59,C-FEHS,C-EHS
C00B74,C-FEIT,C-EIT
C00B89,C-FEJO,C-EJO
C00BEE,C-FENL,C-ENL
C00D27,C-FEZM,C-EZM
C00D5A,C-FFBL,C-FBL
C00D8A,C-FFDH,C-FDH
C00E81,C-FFMU,C-FMU
C010E1,C-FGKE,C-GKE
C01132,C-FGNH,C-GNH
C011A7,C-FGRU,C-GRU
C014DE,C-FHXL,C-HXL
C01509,C-FHZC,C-HZC
C01A42,C-FJYN,C-JYN
C01AD4,C-FKED,C-KED
C01B4A,C-FKIR,C-KIR
C01B7D,C-FKKQ,C-KKQ
C01BB7,C-FKMW,C-KMW
C01DFD,C-FLJG,C-LJG
C01E3A,C-FLLP,C-LLP
C01E81,C-FLOI,C-LOI
C01EFA,C-FLSZ,C-LSZ
C01FB6,C-FMAF,C-MAF
C0258F,C-FOFU,C-OFU
C026CF,C-FOSC,C-OSC
C02B13,C-FQIC,C-QIC
C02B3C,C-FQJR,C-QJR
C02B7F,C-FQMG,C-QMG
C02CA7,C-FQXQ,C-QXQ
C02CD8,C-FQZN,C-QZN
C02D0F,C-FRBQ,C-RBQ
C02EBE,C-FRSF,C-RSF
C02F54,C-FRXZ,C-RXZ
C03083,C-FSJQ,C-SJQ
C031E1,C-FSXC,C-SXC
C036DA,C-FUUB,C-UUB
C036ED,C-FUUU,C-UUU
C0390F,C-FVPU,C-VPU
C039C0,C-FVWP,C-VWP
C03B70,C-FWNF,C-WNF
C03BE3,C-FWRQ,C-WRQ
C03C43,C-FWVI,C-WVI
C03C86,C-FWXX,C-WXX
C03CA4,C-FWZB,C-WZB
C03E05,C-FXMQ,C-XMQ
C03E3B,C-FXOS,C-XOS
C03EC1,C-FXTW,C-XTW
C03EFD,C-FXWE,C-XWE
C03F29,C-FXXW,C-XXW
C0422B,C-FZBM,C-ZBM
C0444D,C-FZWM,C-ZWM
A22163,YV2991,N23615
AD566D,N959GM,N959DM
ACFCCC,N936J,N936JS
A58C29,N527AM,N457AM
A741DD,N576KS,N567KS
A9CA49,PR-WIW,N73SG
AA118B,N748PB,N748PD
AB0A3E,PS-VIA,N810KA
A9523C,N75AG,N70AG
AAAFF8,N780TS,N788TS
ACDC28,928CV,N928CV
AA4A4F,N762PC,N762PV
AC3B32,N887Q,N8877Q
A3E57A,N350TD,N350GY
A14C13,5H-ZOG,N183CR
A36C2D,PR-MNB,N32CD
A6188E,N493LP,N492LP
A4081D,N339VF,N359VF
AC4FD8,N892Q,N8925Q
A460D1,N3818P,N381UP
A5DBE8,N447JE,N477JE
A651E9,3933,N506TF
ACD99A,N927QQ,N927QS
AB3F28,HB-XXW,N82358
A4C708,N407EN,N407EB
AD763B,N976AV,N967AV
A374F4,D2-EWK,N3214J
A76A14,N557TA,N577TA
A9AE19,N7224X,N7225Z
A35E75,N3161PW,N316PW
A2F205,N285R,N28917
A9C557,N792DS,N729DS
ACB0B6,N917KA,N917AK
A58FD5,YV2923,N458AA
A026F8,XA-KMJ,N109JN
A217CB,N243EL,N234EL
A2BE7D,N267TP,N276TP
AB02DF,N80809,N80867
A1AC51,YV3015,N207DB
AC6F2D,XA-TSN,N900AA
A55C3C,N4442B,N4443B
A21B19,N253AF,N235AF
A291D7,N26CW,N265CW
A4F300,C6-JAY,N418MW
A65086,N514CJ,N506DA
AC641F,PR-BON,N898M
ACC5DC,5Y-ELG,N922CT
A33237,F-,N305DG
A087D3,N138RF,N133RF
AB125B,N182SA,N812SA
A0558E,PP-MLM,N120VA
A0C95A,A2-MBR,N15RN
A7C599,N60HS,N60HD
A7F1D0,92-0369,N6105L
AB88C6,N824RH,N842RH
AB9418,ZP-BRG,N845TC
AC0FA7,N8675,N8765
A17431,1933,N193K
A45F13,235,N381AT
A51A88,PR-CDV,N428NE
A600DA,5H-HAD,N486WC
A0AF8E,N142TR,N143TR
ABEE6C,N868VC,N868VB
AC71BA,1535,N9001U
A28A57,B-9772,N263CC
A935F8,N963BD,N693BD
A1A962,CC-ATJ,N206MB
A24B19,N247MI,N247MF
A30D4C,N269RS,N296RS
A7C5AD,N602LF,N60HZ
A9079F,N761HB,N681HB
AB0F9A,YV3007,N8111M
A66057,N52NW,N51NW
A7ED29,N61HE,N61HW
A31A54,N30PX,N29975
A99DAF,N719GA,N719CA
ACDDCD,N928BT,N928VR
A36EFB,N360GW,N320GW
A75DA2,N574D,N574DT
AD67A7,169327,N963DS
A04E73,N1199JJ,N119JJ
A1B502,N208GA,N209S
ADBDEE,N985CC,N985CE
A4ABC3,N156MG,N40RD
A589F7,PR-TET,N456SA
A9290B,LV-COU,N69GZ
AC13D6,N878Q,N8778Q
A1954B,N20067,N20065
A52AC7,N423CJ,N432CJ
AA1BA7,PR-NJT,N750SP
AD7284,N966V,N966AV
A3538F,N353SJ,N313SJ
A9BA2E,N762DN,N726DN
A14CD2,N183BZ,N183LG
4BAF55,TZ-KZU,TC-KZU
49D097,OK-WHR,OK-ROM
4D21B7,9H-BDONE,9H-UEC
00B612,ZS-BGO,ZS-ULT
3542C5,T.18-5,T18-5
3542C3,T.18-3,T18-3
4A9149,SE-DJJ,SE-DJI
0D0772,XA-ALB,XA-BAL
341390,T.18-1,T18-1
3542C4,T.18-4,T18-4
7C81F7,ZH-ZYH,VH-ZYH
A9CB09,N7322,N73ZZ
A276CA,PP-OLE,N258SD
A209C6,YV573T,N230PA
A6D604,N56EN,N54EN
A4041D,PP-HRK,N358SH
A7E6EB,XB-VOS,N608W
ACBC21,YV2940,N92DE
3008AE,I-SVCT,I-PBNB
341391,T.18-2,T18-2
4D2105,9H-EBL,9H-LXR
0D0ABC,XA-SCR,XA-TFR
354556,T.22-2,T22-2
354555,T.22-1,T22-1
49D336,OK-OEL,OK-OWN
A18B7E,N190VJ,N199VJ
A52CE7,N430C,N4320C
A65D56,N589WC,N509WC
A9838C,N712BH,N712AS
AA8EF0,N98HV,N78HV
ACF510,N94FP,N934FP
A21549,N223SV,N233SV
A8EABB,N647BP,N674BP
ACAA86,N281CC,N915PC
440418,OE-GAB,OE-LYW
4402BC,OE-HIT,OE-LOI
4D20FF,9H-WMR,9H-HUE
4D2165,9H-EXEI,9H-TJG
A28447,XA-RCF,N261SC
A1954D,HS-BTM,N20067
440325,OE-LGG,OE-GBR
4D2171,9H-RRC,9H-ELI
4D0296,LX-HMC,LX-SHS
4D029E,LX-JPA,LX-OLA
A570B8,XA-ABD,N45KV
AB27DF,PR-BTZ,N818JC
A712B4,PP-VVB,N555HG
4D2145,9H-WZC,9H-CGH
4D0230,LX-NYX,LX-AMB
44048C,OE-FNB,OE-HSN
AC1BFE,HK-4897,N88FE
4401D7,OE-XKN,OE-LEM
4D215F,9H-1MMG,9H-LDN
AA15AB,N749TF,N749TJ
3B77CB,071,64-IE
4D0297,LX-MCE,LX-SIX
4D20F3,9H-WMM,9H-BSA
3B77CA,072,64-IF
3B77C8,107,64-IH
3B77CF,111,64-II
3B77C5,123,64-IM
3B77C7,128,64-IK
3B77C6,129,64-IL
A74CF7,HP-18BLM,N57KF
49D2E0,OK-POD,OK-PCD
43EBC1,2-OTNN,2-LIVE
A04F7E,PT-TCG,N119VA
3B77D8,160,64-IS
3B77D7,165,64-IT
3B76AD,193,64-HA
3B76AC,194,64-HB
3B76AB,195,64-HC
3B76AA,196,64-HD
3B76A9,197,64-HE
3B76A8,198,64-HF
3B76A7,199,64-HG
3B76A6,200,64-HH
3B77D0,045,64-IB
3B7BA7,F-ZAJB,F-ZBPD
8980EF,P2-PHO,VH-DTY
3B75ED,5874,61-PQ
3B7530,R-RBGA,18
71C536,HL8537,HL8536
3B77E7,5836,61-PO
00A153,ZS-MPM,ZU-MJR
3B7710,4588,61-PM
3B771C,5114,61-PA
3B771B,5116,61-PB
3B771A,5119,61-PC
3B7719,5140,61-PD
3B7718,5142,61-PE
3B7717,5144,61-PF
3B7716,5150,61-PG
3B7715,5151,61-PH
3B7714,5152,61-PI
3B7713,5153,61-PJ
3B7712,5226,61-PK
3B7711,5227,61-PL
5081EA,UR-CHT,UR-UZA
40638A,G-MIHD,G-ZOGG
3B77E6,5847,61-PP
3B75EC,5890,61-PR
3B77CD,065,64-IC
3B77CC,066,64-ID
3B77C3,141,64-IO
3B77DF,152,64-IP
3B77DE,156,64-IQ
3B77D9,158,64-IR
3B77DD,201,702-CA
3B77DC,202,702-CB
3B77DA,204,702-CD
3B77C9,105,82-IG
3AAA98,F-MABY,80
AE6CA4,22563,622563
3B7527,F-RAXG,94
3B7658,096,E-110
00AF24,ZS-RVN,ZU-WNW
49D617,OK-PRK,OK-PRJ
00AEB0,ZS-RRB,ZU-LCG
008D57,ZS-FAS,ZS-SOD
440049,OE-LCP,OE-XNA
AE21DC,83-23662,842402
AE63D2,65-10324,22-46102
E80670,C-54,CC-AET
C011CC,C-FGTF,C-GTF
405355,G-DFRA,G-LSXG
3C54A3,D-AECC,D-AEEC
008239,ZS-AVG,ZS-OFD
0093B6,ZS-HLL,ZS-PYL
040245,ET-BBD,ET-BBB
00AF2C,ZS-RVV,ZT-RFP
480000,PH-KZH,n/a
A60BA5,N489SN,17-01610
AE4D31,168530,168539
48D962,3402,3401
AE010F,94-1569,941569
3571D8,E.27-24,E27-24
AE3FDF,05-27071,06-27071
C008E8,CF-DJR,C-FDJR
00930C,ZS-HEX,ZS-SSR
AA6839,N77RE,N77RV
AE6CF6,19-02914,18-02914
AE6CF5,19-02913,18-02913
E49218,3603,FAB3603
AE690B,20376,710376
43C459,XX325,XX235
505EFA,OM-M747,OM-W108
3B7528,F-RBGI,26
353607,T.21-08,T21-08
3AAC10,0717,F-MJDC
3B7529,F-RBGH,25
3B752C,F-RBGE,22
3B752A,F-RBGG,24
C0356F,C-FUGC,C-UGC
405913,G-OOWS,G-EERR
3B752B,F-RBGF,23
3B752D,F-RBGD,21
AE5D19,162510,164766
AE5D2D,164862,163065
3B770F,F-RAPN,61-PN
C01F2A,C-FLUV,C-LUV
3B752E,F-RBGC,20
ADFD74,910504,91-00507
ADFD73,91-0512,91-00503
ADFD7F,920373,920371
0D0B26,XB-AJA,XC-NNL
3B752F,F-RBGB,19
ADFD79,91-0509,91-00509
ADFD7D,91-0513,91-00513
ADFD7B,91-0511,91-00511
ADFD76,91-0506,91-00506
ADFD71,89-0515,89-00515
3B755D,F-UGEQ,44
C0089B,C-FDGS,C-DGS
00A4C7,ZS-NXM,ZU-IPU
3B7681,F-UHRF,E-46
AE60DD,166387,168677
AE60E6,166686,168686
3B7697,F-ZABV,E-12
009831,ZS-JDO,ZS-EXW
408000,G-UZÃR,G-UZLR
8016F8,CA7110,CA-7110
E49D0E,PS-AMM,PS-NPP
C04F02,C-GDXK,C-GDXX
8016F9,CA7111,CA-7111
00A0D0,ZS-MKL,ZS-AMK
009425,ZS-HPS,ZS-PPG
A966B1,N70464,77-0464
A966B2,N70465,77-0465
AE5918,AE5918,168333
C8062C,ZK-TAC,ZK-FMV
A93240,06-0692,N692BC
A77AE7,08-0581,N581PC
0082B7,ZS-BAC,ZS-LAW
E40172,PP-BCO,TEST
00ADD6,ZS-RIR,ZS-IHT
00ADB2,ZS-RHH,ZU-STO
E40173,PS-RZN,TEST
E40175,PR-JFD,TEST
E40179,PR-REV,TEST
00935C,ZS-HHZ,ZS-KTN
AE21DD,24473,852447
AE21DE,24662,872466
AE21DF,24670,872467
E40177,PR-LHI,TEST
4B83AE,T376,TC-T376
A42094,N385TM,N365TM
4B835F,TCS029,TC-S029
4B83AC,T374,TC-T374
4B83AA,S53,TC-S053
7CFA26,A38-009,A38-015
3543C2,HD.21-17,HD21-17
AE4F74,167033,167032
AE4F6F,167029,167027
881C66,F20-2/52/60447,60447
0094E4,ZS-HXB,ZU-TRX
AE19DB,81-0984,81-0960
E8024D,CC-COT,CC-BLB
06A2F4,A67-BHQ,A7-BHQ
AE6CCE,12-09034,20-03366
00A577,ZS-OEG,ZU-IGT
4401D9,OE-LQO,OE-XMC
49D544,OK-UJD,OK-ADL
40105F,G-MAFF,G-BJED
E40187,PR-TDM,TEST
C08461,G-YDK,C-GYDK
3AABEF,887,F-MMCA
3AABEE,888,F-MMCB
3AABEC,890,F-MMCD
3AABEB,891,F-MMCE
009FE4,ZS-MBJ,ZS-DGG
E40188,PT-TRS,TEST
AE4F17,10-0223,166496
00939F,ZS-HKO,ZS-SBI
0D0897,3931,XB-RSA
A861FF,836,N6393U
ABD417,2612,N861RT
49D062,OK-RDA,OK-TOD
AE5BBF,15-46014,16-46014
4402BE,OE-LOJ,OE-XPT
AE062E,86-00082,86-0082
3FF504,D-MCBY,D-MIVL
AE6CA5,23133,823133
E4018B,PR-LHD,TEST
AE2126,07-27011,2702
AE2125,07-27010,2701
4CAE85,EI-IJF,EI-FFD
E4018C,PR-LHJ,TEST
440309,OE-IZD,OE-XYV
3FED8C,D-MGKB,D-MOOW
3FF30B,D-MBHP,D-MMSI
4D02DF,LX-ROB,LX-PCL
7CAE41,VH-8TY,VH-8PF
3AAB6B,F-MBJM,6013
AE6820,169004,n/a
ADFF6A,68-81??,64-13202
0D8447,YV-3385,YV3385
353606,T.21-07,T21-07
0094C9,ZS-HWA,ZS-FPU
00AF2E,ZS-RVX,ZS-THY
008256,ZS-AWJ,ZS-KPR
AE1953,80-0168,79-0219
C02D2E,CF-RCV,C-FRCV
C013C0,C-FHML,C-HML
C00015,C-FAAV,C-AAU
009A26,ZS-JWV,ZS-WRI
04002B,ET-ANI,ET-ANH
E40194,PR-ZSU,TEST
440146,OE-HBC,OE-DMP
0086E6,ZS-CPH,ZT-RED
C0317E,CF-STH,C-FSTH
3D1149,D-EEUJ,D-EEVJ
008948,ZS-DMT,ZS-OCI
3B77FB,F-RADA,F-UGSO
AE67F4,6004,n/a
008396,ZS-BIR,ZS-MLE
AE4CF2,0708747,07-08747
AE6783,169346,n/a
E4019F,PR-LLQ,TEST
0085B8,ZS-CDR,ZS-SJU
00866C,ZS-CKP,ZS-HIB
0083B2,ZS-BJT,ZS-MGV
008950,ZS-DNB,ZT-RDA
0093A2,ZS-HKR,ZS-LTD
C0346F,C-FTWG,C-TWG
3B75F0,709FQ,15
3B75F4,709FM,11
3B75F7,709FJ,08
E4019C,PR-JED,TEST
00B031,ZS-SFW,ZS-YZC
AE0941,61-2667,86-0080
AE4CEB,09-0044,09-08070
E48765,PR-LDH,PP-DSS
AE1902,79-0136,79-0094
008EC0,ZS-FOP,ZS-OFG
43EA87,M-MAXX,M-CNZI
AE0942,73-01208,73-1208
4030E2,G-BSBG,G-NWHF
00B085,ZS-SJC,ZT-HCT
00AFEC,ZS-SDF,ZS-NID
C80209,ZK-CSQ,ZK-TOK
440286,OE-DVL,OE-ASO
440C2D,OE-VLC,OE-DLC
E4893E,PP-LOS,PS-CHF
3FEDC1,D-MWOJ,D-MELO
3FF2CE,D-MMZC,D-MOKD
AE5FA4,11-46057,19-46057
353601,T.21-02,T21-02
E401A7,PR-JDX,TEST
E40088,6052,FAB6052
488068,SP-0064,SP-ADI
E40089,6053,FAB6053
4D203C,9H-AFQ,9H-OFX
3FF076,D-MNMB,D-MVCG
400DF9,G-VANA,G-IPPS
E88007,ZP-TOE,ZP-TAZ
4D201E,9H-AEH,9H-WNQ
0D0877,GN-403,XC-OPF
AED60D,22-14533,21-14533
E401A4,PT-TBI,TEST
4866DF,PH-YLK,PH-YHX
4D203D,9H-AFR,9H-CAH
3474D3,HE.26-34A,HE26-34A
C00983,C-FDPQ,C-DPQ
E401A5,PR-LKL,TEST
AE6A6E,20-1101,201101
901009,EM-707,E5-EFS
AE6A6F,20-1102,201102
40269D,G-OCST,G-OSAF
3533C2,HT.21A-02,HT21A-02
4D2035,9H-AFJ,9H-NEH
AE1103,165484,01-3615
46A60F,SK-IPO,SX-IPO
44028D,OE-LYU,OE-XHB
600039,EK76345,76310
4401EA,OE-IHD,OE-LOW
AE59A0,13-08415,13-08135
AE18E1,78-0709,78-0683
C82A0C,ZK-ROW,ZK-SDA
3FF66F,D-MUSJ,D-MIGV
AE54C2,14-00065,14-00064
AE54C3,14-00066,14-00065
AE54C4,14-00067,14-00066
AE54C5,14-00068,14-00067
ABA93F,N897CA,N850VM
5140BD,4L-GEQ,4L-GEG
3AABF4,2631,F-MCAD
0092FA,ZS-HEF,ZS-CWT
502D6B,YL-EVO,YL-TIM
AF8420,22-1007,22-1011
00AF32,ZS-RWB,ZU-VDB
897005,H4-OTA,H4-SAL
8016E5,CA7106,CA-7106
8016E6,CA7107,CA-7107
347415,HE.26-44A,EC-918
402248,G-NROY,G-FDDB
0D8365,YV642T,YV2973
AE1B02,166650,166649
06A24B,A7-MAI,212
00B092,ZS-SJP,ZS-AKF
E40086,6050,FAB6050
AE63CF,64-13206,22-46099
0A809E,C6-BUS,C6-PAK
35360A,T.21-12,T21-12
E88112,ZP-BFE,ZP-GNH
00AD65,ZS-REI,ZU-CCG
3B75F2,709FO,13
3B75EE,709FS,17
3B75F1,709FP,14
3B75F5,709FL,10
3B75F8,709FI,07
3B75FA,709FG,05
3B75FB,709FF,04
3B75FD,709FD,02
008E19,ZS-FIE,ZS-EXS
AF3BDD,170758,170756
008D4B,ZS-FAG,ZU-ADB
44028F,OE-LVN,OE-CCE
009FA4,ZS-LYX,ZU-KAI
0093BA,ZS-HLP,ZU-MIH
00B086,ZS-SJD,ZU-DFU
00AE6D,ZS-ROM,ZS-YZD
00895B,ZS-DNM,ZS-BPD
009295,ZS-HAI,ZS-ONV
0A8023,C6-AWO,C6-SDA
511122,44 BLACK,44
00912C,ZS-GML,ZS-NFI
A64266,N02LP,N502LP
0D003F,TP-02,3529
801522,CA7105,CA-7105
C02C3D,C-FQTO,CF-QTO
783132,783132,6181
E483BB,2591,FAB2591
00A6A7,ZS-OPY,ZU-IVP
009E06,ZS-LIZ,ZS-SZG
00935E,ZS-HIB,ZS-MYX
E40144,2585,FAB2585
00810A,ZS-AJP,ZS-FFX
009F52,ZS-LVT,ZS-DVT
49C2F1,OK-KU81,OK-KUU81
3B75EF,709FR,16
3B75F3,709FN,12
3B75F6,709FK,09
3B75F9,709FH,06
3B75FC,709FE,03
3B75FE,709FC,01
009062,ZS-GER,ZS-MKI
7C021B,VH-A09,VH-AO9
C0121B,CF-GWG,C-FGWG
008DC6,ZS-FEZ,ZS-LVW
00A59D,ZS-OFS,ZU-WHO
3005B5,I-EAAB,I-SKYP
009215,ZS-GVK,ZS-LJC
AE2F31,98-25382,00-25382
80150B,CA7101,CA-7101
0D09F0,XB-HXM,XA-VGV
0AC31E,FAC1190,FAC-1190
0095DE,ZS-IGR,ZS-JXD
00A120,ZS-MNN,ZS-ZWX
009AD8,ZS-KDR,ZS-SZF
0A8065,C6-HOT,C6-HOP
008F7C,ZS-FVV,ZT-RNA
008F4A,ZS-FTX,ZU-SRK
3B7F74,F-ZADS,E80
AE0ABD,99-26843,99-26839
0D104E,XB-DMR,XB-IAG
009272,ZS-GYZ,ZS-YTB
7A4298,30720,30470
440176,OE-IJF,OE-FAQ
E401AE,PT-EEH,TEST
AE5992,12-08414,11-08414
AE509E,10-80264,08-00264
AE509D,10-80263,08-00263
404F6C,G-LUDM,G-CMYV
00B057,ZS-BLA,ZU-JAP
8016E7,CA7108,CA-7108
AC0A69,05-0646,N875RJ
AE195E,80-0181,80-0152
0D0A22,TPH-02,ANX-2241
AE19A9,80-0275,87-24749
4D029F,LX-AVT,LX-SFA
00904D,ZS-GDW,ZS-KGW
881BD4,B.F16-19/47,F16K-19/47
881BD2,B.F16-17/47,F16K-17/47
4401DE,OE-FSL,OE-IKG
4400E5,OE-EGA,OE-KPJ
009400,ZS-HOH,ZU-LIP
00A3B6,ZS-ZMN,ZS-NMZ
881BD3,B.F16-18/47,F16K-18/47
009618,ZS-IIX,ZT-REH
3FF0CB,D-MDIC,D-MYDE
4912C9,D2-ANH,CS-DVI
0C21D6,HP18BLM,HP-18BLM
008CF4,ZS-EWX,ZS-HJB
008DAC,ZS-FDZ,ZS-MEE
0089C6,ZS-DRP,ZS-RGS
398C3C,27AAB,F-JWZB
0C404F,7500,FAD7500
008A2A,ZS-DVL,ZS-PEB
008941,ZS-DMM,ZT-RZS
3B7BA9,F-ZAEA,F-ZBQQ
AE4B44,164539,161539
00A840,ZS-PFR,ZS-ODF
440216,OE-FMU,OE-7166
E8CFC8,FAP-453,453
00A141,ZS-MOU,ZS-MOC
0092D2,ZS-HCR,ZS-ODI
404EED,G-SKLR,G-PDPD
00AF36,ZS-RWF,ZU-PUR
00AF35,ZS-RWE,ZU-IXF
0BE2B0,JDFT-11,JDF-T-11
008B25,ZS-EFC,ZU-MFA
00AF3C,ZS-RWL,ZU-YES
3FEDF2,D-MPDM,D-MULL
0D0D01,XB-KEO,XB-RTO
00B035,ZS-SGA,ZS-YZB
440126,OE-FGN,OE-XVU
C00A24,C-FDVV,C-DVV
C0275C,C-FOXN,C-OXN
009812,ZS-JCJ,ZS-RFD
00847D,ZS-BRO,ZS-ORP
3FF57D,D-MOLI,D-MCPM
00A77F,ZS-OYG,ZU-STR
00A609,ZS-OJW,ZU-MYX
A75DD8,N574FS,N574FX
C02D3D,C-FRDK,C-RDK
881BD5,B.F16-20/47,F16K-20/47
424C82,M-TATI,M-ABTC
A803CD,835,N6151A
4401B3,OE-IIB,OE-EKZ
6823C0,JU-1789,JU-1700
3B7B8A,F-ZBCJ,F-ZBQS
381B9A,F-WWLV,F-WWLU
A77ED7,N58CX,N582RK
3B7766,0065,F-RBAM
3B7765,0073,F-RBAN
8002D8,K2664,K12664
C0347D,8Q-TAE,C-FTWU
008267,ZS-AXA,ZS-OFU
3F992B,50+43,30+83
E49555,3604,FAB3604
009650,ZS-ILB,ZS-MNK
C00018,C-FAAY,C-FAAX
155C7F,89215,RA-89215
AE4AEC,09-0018,19-0018
406DA2,G-ARXN,G-VICA
AE63D7,66-8402,22-46107
00AD7D,ZS-RFG,ZU-STH
008FA2,ZS-FXH,ZS-IHI
48448E,P4-DBB,P4-JAR
00AF83,ZS-RZE,ZU-ALS
ADFEE1,87-0161,87-00161
0D0BF2,XC-BPF,PF-305
484359,P4-JAR,P4-KHA
AE23AA,10-09006,11-09011
00A12F,ZS-MOC,ZS-ZOR
00AFDC,ZS-SCP,ZT-RFW
00928C,ZS-GZZ,ZS-DMX
009162,ZS-GON,ZT-HZZ
00A2B1,ZS-NCY,ZT-HKZ
009836,ZS-JDT,ZS-ARN
00A0F5,ZS-MLW,ZS-HRT
49D05B,OK-PEB,OK-SEE
00AEB9,ZS-RRK,ZS-CMR
4401BE,OE-FAC,OE-CDV
AE03FC,84-0176,84-00176
00933E,ZS-HGV,ZS-DRK
E40123,2580,FAB2580
AE0CB0,83-23898,84-23940
AE624F,69-6668,71-58277
801520,CA7103,CA-7103
04C20E,1806,KAF1806
3B7F76,F-ZWTB,301
00A8C4,ZS-PKT,ZU-OWL
43EB4A,2-MATO,2-PUBS
3B76A3,2770,F-UGSG
AE6790,169561,n/a
0AC138,FAC1184,FAC-1184
800E0C,K2679,KA2679
800DBE,K2675,KA2675
0D07D5,ANX-1207,ANX-1201
49D1AA,OK-PRG,OK-NGX
AE53F9,168689,168339
E01645,T-04,ARG-02
AE63D0,64-13265,22-46100
AE63D4,65-10418,22-46104
AE63D5,65-10419,22-46105
AE1B9D,166898,166896
AE63D6,65-10442,22-46106
4D2389,9H-FJX,9H-JFX
009739,ZS-IUA,ZS-KNC
0097A3,ZS-IYC,ZS-REY
00B017,ZS-SEW,ZS-YBG
48D017,SP-WAY,SP-PBI
43C5C5,ZF511,ZH898
E483BA,2590,FAB2590
00B067,ZS-SHY,ZU-JAI
89602B,1208,1213
49C12E,OK-PIN,OK-UUS99
3B7771,0008,F-RBAB
AE5DE7,14-01011,16-03106
4401B1,OE-IIC,OE-FDC
0AC9D4,PNC0250,PNC-0250
3B776C,0019,F-RBAG
AF3BDE,170756,170758
80151F,CA7102,CA-7102
0AC7EA,FAC4419,FAC4019
00933C,ZS-HGT,ZS-PZN
00891D,ZS-DLC,ZS-DMI
009F2F,ZS-LUK,ZU-OMG
3B7FB4,F-ZJAI,579
4D2023,9H-AEM,9H-ENB
009212,ZS-GVH,ZU-SMI
683250,09RED,09
60181A,21 BLUE,21
E2007E,LV-S070,LV-S067
601819,20 BLUE,20
507C63,UK-13007,UK13007
3B7772,0007,F-RBAA
008FE6,ZS-FZX,ZT-HDD
601803,17 BLUE,17
E48149,PT-WVN,PR-DLR
040255,ET-BBR,ET-BBB
00926E,ZS-GYV,ZS-SLM
00A8E7,ZS-PMC,ZT-HKL
009411,ZS-HOY,ZU-VAS
3B77FC,F-RADB,F-UGSN
0AC8C6,1271,FAC1271
3B7559,F-UGEY,48
AE7807,21-30806,22-30806
7C4CD8,VH-PQG,VH-PGQ
A9E8CE,PR-VBY,N738AL
AE6248,69-6666,69-6662
480850,Q-01,Q-38
00DEC7,ZU-CAT,ZU-STB
AE63D3,65-10361,22-46103
AE18F9,79-0118,79-0082
AE6324,16-72429,19-72429
AE6325,16-72430,19-72430
AE6326,16-72431,19-72431
AE18CB,78-0659,78-0640
45F082,OY-9532,OY-9797
4BB183,TC-LHC,TC-LLC
AE6327,16-72432,19-72432
C03FD4,C-FYEL,CF-YEL
49844C,1525,1526
009922,ZS-JMV,ZU-JPW
3895DC,59CPL,F-JGIU
3FF544,D-MELA,D-MBZF
3FEFE7,D-MHSJ,D-MPSL
ADFDAB,90-00300,90-0300
403190,G-BSIM,G-LEME
AE4E53,168243,168220
E40140,2581,FAB2581
3B7763,0095,F-RBAP
AC5EB4,N8956Q,N8965Q
4D20B6,9H-VTB,9H-1MA
894081,A9C-ISA,A9C-IAB
3B7769,0037,F-RBAJ
A9607C,N706JA,N703JA
881C68,F20-4/52/60449,60449
505DD9,OM-SYN,OM-SNY
3FEF50,D-MCIE,D-MFSD
3B776E,0012,F-RBAE
43E8B1,M-CELT,M-BHOY
AE24FC,166506,166507
407D94,G-NMCF,G-UBET
E400D9,2101,FAB2101
00AFE5,ZS-SCY,ZU-IYR
E47EAF,PT-YTU,PS-TAP
C00B94,C-FEJZ,CF-EJZ
AE24F9,166508,166504
00AD56,ZS-RDT,ZS-RWB
008AA4,ZS-EAD,ZS-KPP
00AF25,ZS-RVO,ZS-KUI
009121,ZS-GMA,ZS-DTW
0091F3,ZS-GUC,ZS-TGP
00A82A,ZS-PEV,ZS-MID
38E03B,F-HGDE,F-WZEA
AE4E50,168218,168217
AAEC6E,N80253,22-0004
3B776B,0031,F-RBAH
008C8E,ZS-ESZ,ZS-MUT
3FEFCA,D-MWHB,D-MGRO
AE6175,164129,165579
AE6155,165587,165385
AE53EE,168327,168292
71C574,HL8754,HL8574
3B7770,0010,F-RBAC
0D0D68,XA-BCR,XA-ICO
AE1904,79-0139,79-0104
3F9640,44+64,n/a
AD5B18,PR-HSG,N96PF
AE6DC7,20-03307,19-03307
AE6DC8,20-03304,19-03304
0ACA84,HK-2484G,HK-2434-G
AE6D09,21-02933,22-02933
3B7764,0089,F-RBAO
3B7762,0102,F-RBAQ
4D0210,LX-GJM,LX-AGD
3B776D,0014,F-RBAF
3FF469,D-MELN,D-MONO
AE53F7,168335,168332
C0184B,C-FJFE,CF-JFE
E401BA,PT-TPT,TEST
3B7767,0062,F-RBAL
AE18FC,79-0121,79-0087
AD2DB9,RA-67200,N9483Z
A98A88,RA-67579,N7137J
A8629E,RA-05717,N6398C
A702B9,RA-67498,N5507A
A70258,RA-67496,N5504J
A70202,RA-67474,N55013
A4ABE1,RA-05720,N40SJ
511081,RA-1909G,ES-TLO
A5CE03,RA-01896,N473UB
AE2F34,81-23630,81-26360
AE77F1,24-21277,23-21277
AE10E4,93-0698,93-00698
AE291F,08-0336,08-00336
AE60F8,09-1118,09-01118
38485A,EC-406,A4M006
407E3F,G-ECLH,G-ECLE
0D116F,XA-BAL,XA-BAI
AE0876,84-0151,84-00151
3B77D4,2619,F-UGSC
3B776A,0033,F-RBAI
440064,OE-GME,OE-XYS
440213,OE-IHH,OE-CCK
440188,OE-HLA,OE-CCB
43EA5B,M-DSTZ,M-SKYF
440236,OE-FLG,OE-FDD
4401D0,OE-LLG,OE-CCD
3FF6AD,D-MARL,D-MSBK
440291,OE-ICG,OE-CCO
403E7C,G-OBHE,G-HERZ
407160,G-RJVH,G-KWPW
0C405C,FAD-3080,FAD3080
0C405A,FAD-3078,FAD3078
0B4150,TG-KIN,706
AE1985,80-0230,86-0124
A7C9DC,2280,N60019
3B76B0,2778,F-UGSI
4D2025,9H-AEO,9H-EMC
E8C09F,OB-2231-P,OB-2231P
C00999,C-FDQM,CF-DQM
0C405B,FAD-3079,FAD3079
0D082C,3616,FAM3616
77170C,4R-EXO,4R-DPA
800DC4,K2742,KA2742
800DC2,K2750,KA2750
801483,KD-726,KD726
8007A1,K2764,KA2764
801485,KD-728,KD728
801486,KD-729,KD729
4401A3,OE-LDR,OE-LIT
A74C12,A57AB,N57AB
3B75DD,041,F-UJCG
0097D9,ZS-JAE,ZU-IGC
4D0226,LX-MBE,LX-GOL
406870,G-PEEK,G-DMNG
AE7808,21-30807,22-30807
0D05F1,ANX-1206,XC-GBC
3B76CD,F-RAVL,F-AYGZ
C01A9E,CF-KCB,C-FKCB
AE6CB2,20-00338,20-03338
3B776F,0011,F-RBAD
3B7545,1030,F-RACH
00940D,ZS-HOU,ZU-DUU
6010EC,EX-76005,EX-76008
009719,ZS-ISU,ZU-SHW
